qid,rougeL_with_pct,bleu_with_pct,rougeL_no_pct,bleu_no_pct
q_0,100.0,100.00000000000004,80.0,60.653065971263366
q_1,50.0,15.310245441182435,0.0,0.0
q_10,100.0,100.00000000000004,0.0,0.0
q_100,100.0,100.00000000000004,0.0,0.0
q_101,66.66666666666666,49.99999999999999,66.66666666666666,49.99999999999999
q_102,50.0,0.0,0.0,0.0
q_103,80.0,60.653065971263366,0.0,0.0
q_104,100.0,59.46035575013604,100.0,59.46035575013604
q_105,50.0,4.9787068367863965,0.0,0.0
q_106,100.0,55.03212081491042,0.0,0.0
q_107,100.0,100.00000000000004,100.0,100.00000000000004
q_108,0.0,0.0,0.0,0.0
q_109,83.33333333333333,50.813274815461476,0.0,0.0
q_11,100.0,100.00000000000004,6.0606060606060606,0.0
q_110,100.0,100.00000000000004,0.0,0.0
q_111,100.0,100.00000000000004,0.0,0.0
q_112,33.333333333333336,10.682175159905853,0.0,0.0
q_113,100.0,55.03212081491042,0.0,0.0
q_114,100.0,100.00000000000004,36.36363636363636,16.233395773754946
q_115,100.0,100.00000000000004,0.0,0.0
q_116,44.44444444444445,0.40867714384640685,0.0,0.0
q_117,0.0,0.0,28.571428571428577,10.682175159905853
q_118,100.0,100.00000000000004,100.0,0.0
q_119,100.0,100.00000000000004,0.0,0.0
q_12,100.0,100.00000000000004,0.0,0.0
q_120,100.0,100.00000000000004,0.0,0.0
q_121,100.0,100.00000000000004,50.0,0.0
q_122,100.0,100.00000000000004,0.0,0.0
q_123,100.0,0.0,0.0,0.0
q_124,100.0,100.00000000000004,0.0,0.0
q_125,100.0,100.00000000000004,0.0,0.0
q_126,100.0,100.00000000000004,0.0,0.0
q_127,100.0,100.00000000000004,0.0,0.0
q_128,100.0,100.00000000000004,100.0,0.0
q_129,100.0,100.00000000000004,0.0,0.0
q_13,100.0,100.00000000000004,0.0,0.0
q_130,100.0,100.00000000000004,0.0,0.0
q_131,66.66666666666666,51.341711903259224,0.0,0.0
q_132,100.0,100.00000000000004,0.0,0.0
q_133,50.0,15.97357760615681,0.0,0.0
q_134,100.0,100.00000000000004,0.0,0.0
q_135,100.0,100.00000000000004,0.0,0.0
q_136,100.0,100.00000000000004,0.0,0.0
q_137,100.0,100.00000000000004,0.0,0.0
q_138,100.0,100.00000000000004,100.0,100.00000000000004
q_139,100.0,100.00000000000004,20.000000000000004,10.682175159905853
q_14,100.0,100.00000000000004,60.0,30.213753973567677
q_140,100.0,100.00000000000004,0.0,0.0
q_141,100.0,100.00000000000004,0.0,0.0
q_142,100.0,100.00000000000004,0.0,0.0
q_143,66.66666666666666,13.533528323661276,0.0,0.0
q_144,100.0,100.00000000000004,0.0,0.0
q_145,100.0,100.00000000000004,50.0,49.99999999999999
q_146,66.66666666666666,13.533528323661276,0.0,0.0
q_147,50.0,30.326532985631665,0.0,0.0
q_148,0.0,0.0,0.0,0.0
q_149,40.0,30.326532985631665,0.0,0.0
q_15,0.0,0.0,0.0,0.0
q_150,100.0,100.00000000000004,0.0,0.0
q_151,100.0,100.00000000000004,0.0,0.0
q_152,100.0,100.00000000000004,100.0,100.00000000000004
q_153,100.0,100.00000000000004,100.0,100.00000000000004
q_154,100.0,100.00000000000004,0.0,0.0
q_155,100.0,100.00000000000004,14.285714285714288,0.0
q_156,100.0,100.00000000000004,0.0,0.0
q_157,100.0,100.00000000000004,0.0,0.0
q_158,100.0,100.00000000000004,0.0,0.0
q_159,0.0,0.0,0.0,0.0
q_16,100.0,100.00000000000004,0.0,0.0
q_160,100.0,100.00000000000004,0.0,0.0
q_161,0.0,0.0,0.0,0.0
q_162,100.0,100.00000000000004,100.0,100.00000000000004
q_163,100.0,100.00000000000004,0.0,0.0
q_164,100.0,100.00000000000004,0.0,0.0
q_165,100.0,100.00000000000004,0.0,0.0
q_166,100.0,100.00000000000004,0.0,0.0
q_167,0.0,0.0,0.0,0.0
q_168,0.0,0.0,0.0,0.0
q_169,0.0,0.0,66.66666666666666,36.78794411714425
q_17,85.71428571428571,71.65313105737896,85.71428571428571,71.65313105737896
q_170,0.0,0.0,0.0,0.0
q_171,100.0,100.00000000000004,0.0,0.0
q_172,100.0,100.00000000000004,50.0,49.99999999999999
q_173,100.0,0.0,50.0,0.0
q_174,100.0,100.00000000000004,0.0,0.0
q_175,100.0,100.00000000000004,33.33333333333333,27.51606040745522
q_176,100.0,100.00000000000004,0.0,0.0
q_177,50.0,13.533528323661276,0.0,0.0
q_178,28.571428571428577,19.716118825581447,0.0,0.0
q_179,0.0,0.0,0.0,0.0
q_18,0.0,0.0,0.0,0.0
q_180,100.0,100.00000000000004,61.53846153846153,27.48254571080018
q_181,0.0,0.0,0.0,0.0
q_182,0.0,0.0,0.0,0.0
q_183,100.0,100.00000000000004,0.0,0.0
q_184,100.0,55.03212081491042,50.0,0.0
q_185,83.33333333333333,61.47881529512643,80.00000000000001,66.87403049764218
q_186,50.0,0.0,50.0,0.0
q_187,100.0,100.00000000000004,100.0,100.00000000000004
q_188,100.0,55.03212081491042,0.0,0.0
q_189,100.0,100.00000000000004,0.0,0.0
q_19,66.66666666666666,36.78794411714425,0.0,0.0
q_190,0.0,0.0,0.0,0.0
q_191,100.0,100.00000000000004,100.0,100.00000000000004
q_192,50.0,13.533528323661276,50.0,13.533528323661276
q_193,0.0,0.0,0.0,0.0
q_194,0.0,0.0,0.0,0.0
q_195,0.0,0.0,0.0,0.0
q_196,0.0,0.0,0.0,0.0
q_197,100.0,100.00000000000004,0.0,0.0
q_198,100.0,55.03212081491042,0.0,0.0
q_199,100.0,100.00000000000004,0.0,0.0
q_2,100.0,55.03212081491042,50.0,10.552670315936318
q_20,100.0,100.00000000000004,0.0,0.0
q_200,100.0,100.00000000000004,0.0,0.0
q_201,82.35294117647058,44.63236137853328,0.0,0.0
q_202,0.0,0.0,20.0,9.688464563433238
q_203,100.0,100.00000000000004,100.0,100.00000000000004
q_204,0.0,0.0,0.0,0.0
q_205,0.0,0.0,0.0,0.0
q_206,100.0,100.00000000000004,0.0,0.0
q_207,0.0,0.0,0.0,0.0
q_208,0.0,0.0,0.0,0.0
q_209,0.0,0.0,0.0,0.0
q_21,0.0,0.0,0.0,0.0
q_210,100.0,100.00000000000004,0.0,0.0
q_211,0.0,0.0,0.0,0.0
q_212,100.0,100.00000000000004,0.0,0.0
q_213,100.0,100.00000000000004,0.0,0.0
q_214,100.0,100.00000000000004,0.0,0.0
q_215,100.0,100.00000000000004,0.0,0.0
q_216,100.0,100.00000000000004,0.0,0.0
q_217,88.8888888888889,77.88007830714052,0.0,0.0
q_218,100.0,100.00000000000004,0.0,0.0
q_219,100.0,100.00000000000004,100.0,100.00000000000004
q_22,100.0,100.00000000000004,18.18181818181818,8.745825313180632
q_220,100.0,100.00000000000004,0.0,0.0
q_221,100.0,100.00000000000004,0.0,0.0
q_222,100.0,100.00000000000004,80.0,55.03212081491042
q_223,100.0,100.00000000000004,0.0,0.0
q_224,66.66666666666666,36.78794411714425,66.66666666666666,36.78794411714425
q_225,0.0,0.0,0.0,0.0
q_226,100.0,100.00000000000004,100.0,100.00000000000004
q_227,100.0,100.00000000000004,74.99999999999999,32.34325178227722
q_228,100.0,100.00000000000004,0.0,0.0
q_229,100.0,100.00000000000004,0.0,0.0
q_23,33.333333333333336,0.09118819655545167,0.0,0.0
q_230,100.0,100.00000000000004,0.0,0.0
q_231,100.0,100.00000000000004,0.0,0.0
q_232,86.95652173913044,73.61703354503868,0.0,0.0
q_233,100.0,100.00000000000004,57.14285714285715,39.43223765116288
q_234,0.0,0.0,0.0,0.0
q_235,100.0,100.00000000000004,100.0,100.00000000000004
q_236,100.0,100.00000000000004,0.0,0.0
q_237,100.0,100.00000000000004,0.0,0.0
q_238,0.0,0.0,0.0,0.0
q_239,100.0,100.00000000000004,0.0,0.0
q_24,100.0,100.00000000000004,0.0,0.0
q_240,50.0,13.533528323661276,0.0,0.0
q_241,100.0,100.00000000000004,100.0,100.00000000000004
q_242,66.66666666666666,49.99999999999999,66.66666666666666,49.99999999999999
q_243,100.0,100.00000000000004,0.0,0.0
q_244,100.0,100.00000000000004,0.0,0.0
q_245,80.0,60.653065971263366,25.0,0.0
q_246,57.14285714285715,22.31301601484299,28.571428571428577,0.0
q_247,100.0,89.31539818068698,0.0,0.0
q_248,100.0,100.00000000000004,100.0,100.00000000000004
q_249,100.0,49.99999999999999,0.0,0.0
q_25,100.0,100.00000000000004,100.0,100.00000000000004
q_250,100.0,100.00000000000004,0.0,0.0
q_251,100.0,100.00000000000004,0.0,0.0
q_252,100.0,100.00000000000004,0.0,0.0
q_253,100.0,100.00000000000004,100.0,100.00000000000004
q_254,80.0,36.78794411714425,0.0,0.0
q_255,100.0,100.00000000000004,0.0,0.0
q_256,40.0,0.673794699908547,0.0,0.0
q_257,100.0,100.00000000000004,0.0,0.0
q_258,100.0,100.00000000000004,0.0,0.0
q_259,100.0,100.00000000000004,100.0,100.00000000000004
q_26,88.8888888888889,66.87403049764218,28.571428571428577,19.716118825581447
q_260,100.0,36.78794411714425,0.0,0.0
q_261,100.0,100.00000000000004,100.0,100.00000000000004
q_262,100.0,100.00000000000004,0.0,0.0
q_263,100.0,100.00000000000004,0.0,0.0
q_264,100.0,100.00000000000004,0.0,0.0
q_265,80.0,36.78794411714425,0.0,0.0
q_266,40.0,18.393972058572114,0.0,0.0
q_267,80.0,55.03212081491042,57.14285714285715,21.3643503198117
q_268,100.0,100.00000000000004,0.0,0.0
q_269,18.181818181818183,7.809849842300641,66.66666666666666,18.393972058572114
q_27,66.66666666666666,27.51606040745522,0.0,0.0
q_270,0.0,0.0,100.0,55.03212081491042
q_271,100.0,100.00000000000004,100.0,100.00000000000004
q_272,0.0,0.0,100.0,100.00000000000004
q_273,0.0,0.0,66.66666666666666,36.78794411714425
q_274,100.0,100.00000000000004,0.0,0.0
q_275,0.0,0.0,0.0,0.0
q_276,100.0,100.00000000000004,100.0,100.00000000000004
q_277,0.0,0.0,100.0,100.00000000000004
q_278,100.0,100.00000000000004,100.0,100.00000000000004
q_279,100.0,100.00000000000004,100.0,100.00000000000004
q_28,100.0,100.00000000000004,20.000000000000004,10.682175159905853
q_280,0.0,0.0,100.0,100.00000000000004
q_281,0.0,0.0,0.0,0.0
q_282,100.0,49.99999999999999,50.0,0.0
q_283,100.0,100.00000000000004,100.0,100.00000000000004
q_284,50.0,15.97357760615681,66.66666666666666,49.99999999999999
q_285,0.0,0.0,0.0,0.0
q_286,100.0,49.99999999999999,50.0,0.0
q_287,100.0,100.00000000000004,100.0,100.00000000000004
q_288,50.0,15.97357760615681,100.0,100.00000000000004
q_289,100.0,0.0,0.0,0.0
q_29,40.0,3.0197383422318516,85.71428571428571,60.653065971263366
q_290,100.0,100.00000000000004,100.0,0.0
q_291,0.0,0.0,0.0,0.0
q_292,100.0,100.00000000000004,100.0,100.00000000000004
q_293,0.0,0.0,0.0,0.0
q_294,66.66666666666666,15.97357760615681,0.0,0.0
q_295,100.0,100.00000000000004,0.0,0.0
q_296,80.0,18.99589214128981,0.0,0.0
q_297,100.0,100.00000000000004,100.0,100.00000000000004
q_298,0.0,0.0,100.0,100.00000000000004
q_299,100.0,100.00000000000004,100.0,0.0
q_3,100.0,80.91067115702207,14.285714285714285,0.0
q_30,22.22222222222222,0.09118819655545167,40.0,4.9787068367863965
q_300,100.0,100.00000000000004,100.0,100.00000000000004
q_302,100.0,100.00000000000004,100.0,100.00000000000004
q_303,100.0,100.00000000000004,0.0,0.0
q_304,100.0,100.00000000000004,0.0,0.0
q_305,100.0,100.00000000000004,100.0,100.00000000000004
q_306,85.71428571428571,55.03212081491042,14.285714285714288,0.0
q_307,80.0,34.66806371753173,16.666666666666664,2.2869567780619007
q_308,100.0,100.00000000000004,0.0,0.0
q_309,100.0,100.00000000000004,0.0,0.0
q_31,100.0,100.00000000000004,0.0,0.0
q_310,0.0,0.0,0.0,0.0
q_311,100.0,100.00000000000004,0.0,0.0
q_312,100.0,100.00000000000004,0.0,0.0
q_313,100.0,100.00000000000004,100.0,100.00000000000004
q_314,0.0,0.0,57.14285714285715,0.0
q_315,0.0,0.0,100.0,0.0
q_316,0.0,0.0,0.0,0.0
q_317,100.0,100.00000000000004,0.0,0.0
q_318,40.0,0.0,40.0,0.0
q_319,100.0,100.00000000000004,66.66666666666666,49.99999999999999
q_32,0.0,0.0,40.0,27.51606040745522
q_320,100.0,100.00000000000004,0.0,0.0
q_321,0.0,0.0,0.0,0.0
q_322,50.0,27.51606040745522,50.0,27.51606040745522
q_323,100.0,100.00000000000004,66.66666666666666,49.99999999999999
q_324,100.0,60.653065971263366,100.0,60.653065971263366
q_325,100.0,100.00000000000004,0.0,0.0
q_326,100.0,100.00000000000004,0.0,0.0
q_327,0.0,0.0,0.0,0.0
q_328,100.0,100.00000000000004,0.0,0.0
q_329,66.66666666666666,36.78794411714425,0.0,0.0
q_33,100.0,100.00000000000004,100.0,100.00000000000004
q_330,28.57142857142857,0.673794699908547,28.57142857142857,0.673794699908547
q_331,100.0,100.00000000000004,40.0,30.326532985631665
q_332,100.0,100.00000000000004,0.0,0.0
q_333,100.0,100.00000000000004,0.0,0.0
q_334,100.0,100.00000000000004,0.0,0.0
q_335,100.0,100.00000000000004,0.0,0.0
q_336,28.57142857142857,0.673794699908547,0.0,0.0
q_337,100.0,100.00000000000004,0.0,0.0
q_338,0.0,0.0,0.0,0.0
q_339,100.0,100.00000000000004,50.0,49.99999999999999
q_34,100.0,100.00000000000004,0.0,0.0
q_340,100.0,100.00000000000004,0.0,0.0
q_341,100.0,100.00000000000004,100.0,100.00000000000004
q_342,0.0,0.0,0.0,0.0
q_343,100.0,100.00000000000004,50.0,49.99999999999999
q_344,0.0,0.0,0.0,0.0
q_345,0.0,0.0,0.0,0.0
q_346,33.33333333333333,0.0,33.33333333333333,0.0
q_347,100.0,100.00000000000004,0.0,0.0
q_348,100.0,100.00000000000004,0.0,0.0
q_349,100.0,100.00000000000004,0.0,0.0
q_35,66.66666666666666,22.31301601484299,66.66666666666666,22.31301601484299
q_350,100.0,100.00000000000004,0.0,0.0
q_351,100.0,51.341711903259224,100.0,51.341711903259224
q_352,100.0,100.00000000000004,0.0,0.0
q_353,100.0,100.00000000000004,0.0,0.0
q_354,50.0,13.533528323661276,0.0,0.0
q_355,100.0,100.00000000000004,0.0,0.0
q_356,100.0,100.00000000000004,0.0,0.0
q_357,100.0,100.00000000000004,0.0,0.0
q_358,60.0,24.446151121745054,0.0,0.0
q_359,100.0,71.65313105737896,0.0,0.0
q_36,100.0,100.00000000000004,100.0,100.00000000000004
q_360,100.0,100.00000000000004,100.0,100.00000000000004
q_361,100.0,100.00000000000004,100.0,100.00000000000004
q_362,100.0,100.00000000000004,0.0,0.0
q_363,0.0,0.0,0.0,0.0
q_364,0.0,0.0,0.0,0.0
q_365,100.0,49.99999999999999,0.0,0.0
q_366,72.72727272727272,50.813274815461476,0.0,0.0
q_367,100.0,59.46035575013604,0.0,0.0
q_368,100.0,49.99999999999999,0.0,0.0
q_369,100.0,81.87307530779823,40.00000000000001,26.15611844567671
q_37,100.0,100.00000000000004,0.0,0.0
q_370,100.0,100.00000000000004,100.0,100.00000000000004
q_371,100.0,49.99999999999999,0.0,0.0
q_372,0.0,0.0,0.0,0.0
q_373,100.0,100.00000000000004,0.0,0.0
q_374,50.0,0.0,0.0,0.0
q_375,100.0,100.00000000000004,0.0,0.0
q_376,80.0,36.78794411714425,0.0,0.0
q_377,100.0,100.00000000000004,100.0,100.00000000000004
q_378,100.0,100.00000000000004,0.0,0.0
q_379,100.0,60.653065971263366,100.0,60.653065971263366
q_38,100.0,100.00000000000004,100.0,100.00000000000004
q_380,100.0,100.00000000000004,0.0,0.0
q_381,100.0,100.00000000000004,100.0,100.00000000000004
q_382,100.0,100.00000000000004,0.0,0.0
q_383,16.666666666666668,3.2933284838220014,0.0,0.0
q_384,100.0,100.00000000000004,100.0,100.00000000000004
q_385,0.0,0.0,22.222222222222225,14.535768424205484
q_386,100.0,100.00000000000004,28.571428571428577,15.97357760615681
q_387,50.0,11.044795567078939,100.0,100.00000000000004
q_388,100.0,100.00000000000004,0.0,0.0
q_389,100.0,100.00000000000004,100.0,100.00000000000004
q_39,100.0,100.00000000000004,0.0,0.0
q_390,100.0,55.03212081491042,0.0,0.0
q_391,100.0,49.99999999999999,0.0,0.0
q_392,0.0,0.0,0.0,0.0
q_393,44.44444444444445,13.134549472120794,66.66666666666666,0.0
q_394,100.0,100.00000000000004,100.0,100.00000000000004
q_395,100.0,100.00000000000004,100.0,100.00000000000004
q_396,100.0,100.00000000000004,100.0,100.00000000000004
q_397,100.0,100.00000000000004,0.0,0.0
q_398,100.0,49.99999999999999,50.0,0.0
q_399,100.0,100.00000000000004,0.0,0.0
q_4,11.76470588235294,3.3864985683445354,22.222222222222225,0.0
q_40,66.66666666666666,0.0,0.0,0.0
q_400,0.0,0.0,100.0,100.00000000000004
q_401,100.0,100.00000000000004,0.0,0.0
q_402,0.0,0.0,100.0,100.00000000000004
q_403,0.0,0.0,0.0,0.0
q_404,100.0,100.00000000000004,100.0,0.0
q_405,100.0,100.00000000000004,100.0,100.00000000000004
q_406,100.0,100.00000000000004,0.0,0.0
q_407,100.0,100.00000000000004,0.0,0.0
q_408,0.0,0.0,0.0,0.0
q_409,100.0,100.00000000000004,0.0,0.0
q_41,76.1904761904762,55.936849159330734,33.33333333333333,11.752701606523267
q_410,100.0,100.00000000000004,100.0,100.00000000000004
q_411,100.0,60.653065971263366,0.0,0.0
q_412,100.0,0.0,0.0,0.0
q_413,100.0,100.00000000000004,100.0,100.00000000000004
q_414,66.66666666666666,49.99999999999999,100.0,100.00000000000004
q_415,100.0,100.00000000000004,66.66666666666666,36.78794411714425
q_416,100.0,100.00000000000004,100.0,100.00000000000004
q_417,100.0,100.00000000000004,0.0,0.0
q_418,100.0,100.00000000000004,66.66666666666666,36.78794411714425
q_419,100.0,100.00000000000004,0.0,0.0
q_42,66.66666666666666,0.0,0.0,0.0
q_420,100.0,100.00000000000004,0.0,0.0
q_421,100.0,100.00000000000004,74.99999999999999,39.76353643835254
q_422,100.0,60.653065971263366,100.0,60.653065971263366
q_423,100.0,100.00000000000004,50.0,0.0
q_424,100.0,100.00000000000004,0.0,0.0
q_425,0.0,0.0,0.0,0.0
q_426,66.66666666666666,0.0,0.0,0.0
q_427,80.0,0.0,0.0,0.0
q_428,100.0,100.00000000000004,100.0,0.0
q_429,100.0,49.99999999999999,0.0,0.0
q_43,40.0,4.9787068367863965,0.0,0.0
q_430,100.0,100.00000000000004,0.0,0.0
q_431,100.0,100.00000000000004,50.0,0.0
q_432,100.0,100.00000000000004,100.0,0.0
q_433,100.0,100.00000000000004,0.0,0.0
q_434,0.0,0.0,0.0,0.0
q_435,0.0,0.0,0.0,0.0
q_436,100.0,100.00000000000004,0.0,0.0
q_437,0.0,0.0,0.0,0.0
q_438,0.0,0.0,50.0,27.51606040745522
q_439,50.0,0.0,0.0,0.0
q_44,0.0,0.0,0.0,0.0
q_440,25.0,10.682175159905853,0.0,0.0
q_441,100.0,100.00000000000004,100.0,100.00000000000004
q_442,100.0,100.00000000000004,0.0,0.0
q_443,100.0,60.653065971263366,0.0,0.0
q_444,100.0,100.00000000000004,0.0,0.0
q_445,0.0,0.0,0.0,0.0
q_446,100.0,100.00000000000004,100.0,100.00000000000004
q_447,100.0,100.00000000000004,100.0,0.0
q_448,100.0,100.00000000000004,50.0,4.9787068367863965
q_449,100.0,100.00000000000004,100.0,100.00000000000004
q_45,0.0,0.0,0.0,0.0
q_450,100.0,100.00000000000004,0.0,0.0
q_451,50.0,0.0,33.33333333333333,27.51606040745522
q_452,42.10526315789474,9.103526405546068,0.0,0.0
q_453,50.0,0.0,0.0,0.0
q_454,100.0,100.00000000000004,0.0,0.0
q_455,40.0,27.51606040745522,0.0,0.0
q_456,100.0,100.00000000000004,50.0,4.9787068367863965
q_457,100.0,60.653065971263366,100.0,0.0
q_458,100.0,100.00000000000004,100.0,100.00000000000004
q_459,44.44444444444445,9.535414040914189,44.44444444444445,9.535414040914189
q_46,100.0,100.00000000000004,66.66666666666666,36.78794411714425
q_460,100.0,100.00000000000004,0.0,0.0
q_461,100.0,100.00000000000004,100.0,100.00000000000004
q_462,100.0,100.00000000000004,0.0,0.0
q_463,100.0,100.00000000000004,100.0,100.00000000000004
q_464,100.0,0.0,100.0,0.0
q_465,92.3076923076923,80.91067115702207,100.0,100.00000000000004
q_466,100.0,100.00000000000004,0.0,0.0
q_467,100.0,100.00000000000004,0.0,0.0
q_468,100.0,100.00000000000004,100.0,100.00000000000004
q_469,100.0,55.03212081491042,0.0,0.0
q_47,100.0,100.00000000000004,0.0,0.0
q_470,100.0,100.00000000000004,100.0,100.00000000000004
q_471,100.0,100.00000000000004,0.0,0.0
q_472,100.0,64.31870218238025,44.44444444444445,0.0
q_473,100.0,36.78794411714425,0.0,0.0
q_474,100.0,0.0,0.0,0.0
q_475,100.0,100.00000000000004,0.0,0.0
q_476,0.0,0.0,0.0,0.0
q_477,100.0,0.0,0.0,0.0
q_478,57.14285714285715,21.3643503198117,100.0,100.00000000000004
q_479,66.66666666666666,0.0,0.0,0.0
q_48,66.66666666666666,0.0,0.0,27.51606040745522
q_480,100.0,100.00000000000004,0.0,0.0
q_481,100.0,100.00000000000004,100.0,100.00000000000004
q_482,100.0,100.00000000000004,0.0,0.0
q_483,100.0,100.00000000000004,0.0,0.0
q_484,100.0,0.0,0.0,0.0
q_485,100.0,100.00000000000004,0.0,0.0
q_486,100.0,100.00000000000004,100.0,100.00000000000004
q_487,100.0,100.00000000000004,100.0,100.00000000000004
q_488,66.66666666666666,49.99999999999999,0.0,0.0
q_489,100.0,100.00000000000004,0.0,0.0
q_49,80.0,36.78794411714425,22.22222222222222,2.6682865255867765
q_490,100.0,66.87403049764218,100.0,66.87403049764218
q_491,100.0,100.00000000000004,0.0,0.0
q_492,100.0,49.99999999999999,0.0,0.0
q_493,0.0,0.0,0.0,0.0
q_494,100.0,49.99999999999999,0.0,0.0
q_495,50.0,16.233395773754946,0.0,0.0
q_496,100.0,49.99999999999999,0.0,0.0
q_497,100.0,49.99999999999999,0.0,0.0
q_498,100.0,49.99999999999999,0.0,0.0
q_499,100.0,100.00000000000004,100.0,100.00000000000004
q_5,100.0,100.00000000000004,0.0,0.0
q_50,100.0,100.00000000000004,0.0,0.0
q_500,88.8888888888889,66.87403049764218,0.0,0.0
q_501,66.66666666666666,36.78794411714425,0.0,0.0
q_502,25.0,10.682175159905853,0.0,0.0
q_503,66.66666666666666,49.99999999999999,0.0,0.0
q_504,0.0,0.0,0.0,0.0
q_506,100.0,100.00000000000004,0.0,0.0
q_507,40.0,8.392229812593097,0.0,0.0
q_508,44.44444444444445,13.134549472120794,0.0,0.0
q_509,100.0,100.00000000000004,0.0,0.0
q_51,80.0,60.653065971263366,25.0,0.0
q_510,88.8888888888889,66.87403049764218,0.0,0.0
q_511,80.0,55.03212081491042,0.0,0.0
q_512,100.0,100.00000000000004,0.0,0.0
q_513,20.0,4.767707020457095,0.0,0.0
q_514,16.666666666666668,3.7477767366779213,0.0,0.0
q_515,58.82352941176471,26.269098944241577,57.14285714285715,36.78794411714425
q_516,0.0,0.0,0.0,0.0
q_517,40.0,0.0,0.0,0.0
q_518,15.384615384615383,4.767707020457095,0.0,0.0
q_519,66.66666666666666,49.99999999999999,0.0,0.0
q_52,100.0,100.00000000000004,25.0,10.682175159905853
q_520,100.0,100.00000000000004,0.0,0.0
q_521,100.0,100.00000000000004,0.0,0.0
q_522,100.0,100.00000000000004,0.0,0.0
q_523,100.0,100.00000000000004,0.0,0.0
q_524,100.0,100.00000000000004,57.14285714285715,36.78794411714425
q_525,100.0,100.00000000000004,66.66666666666666,59.46035575013604
q_526,66.66666666666666,30.213753973567677,0.0,0.0
q_527,100.0,100.00000000000004,80.0,60.653065971263366
q_528,100.0,100.00000000000004,0.0,0.0
q_529,100.0,100.00000000000004,66.66666666666666,59.46035575013604
q_53,100.0,100.00000000000004,0.0,0.0
q_530,0.0,0.0,0.0,0.0
q_531,100.0,100.00000000000004,50.0,49.99999999999999
q_532,100.0,49.99999999999999,0.0,0.0
q_533,100.0,100.00000000000004,100.0,100.00000000000004
q_534,100.0,100.00000000000004,80.0,60.653065971263366
q_535,100.0,84.64817248906144,36.36363636363636,14.320952289897704
q_536,100.0,100.00000000000004,0.0,0.0
q_537,66.66666666666666,0.0,0.0,0.0
q_538,0.0,0.0,0.0,0.0
q_539,0.0,0.0,0.0,0.0
q_54,100.0,100.00000000000004,0.0,0.0
q_540,54.54545454545454,17.747405280050266,0.0,0.0
q_541,100.0,100.00000000000004,0.0,0.0
q_542,100.0,100.00000000000004,0.0,0.0
q_543,66.66666666666666,27.51606040745522,0.0,0.0
q_544,57.14285714285715,4.9787068367863965,0.0,0.0
q_545,100.0,100.00000000000004,0.0,0.0
q_546,100.0,100.00000000000004,0.0,0.0
q_547,53.333333333333336,13.95079696792913,28.571428571428577,19.716118825581447
q_548,0.0,0.0,50.0,28.254432923044853
q_549,100.0,100.00000000000004,0.0,0.0
q_55,100.0,100.00000000000004,0.0,0.0
q_550,100.0,100.00000000000004,0.0,0.0
q_551,66.66666666666666,22.31301601484299,0.0,0.0
q_552,100.0,100.00000000000004,0.0,0.0
q_553,100.0,100.00000000000004,0.0,0.0
q_554,100.0,100.00000000000004,0.0,0.0
q_555,100.0,100.00000000000004,0.0,0.0
q_556,100.0,100.00000000000004,0.0,0.0
q_557,100.0,100.00000000000004,0.0,0.0
q_558,50.0,8.208499862389884,0.0,0.0
q_559,100.0,100.00000000000004,0.0,0.0
q_56,66.66666666666666,36.78794411714425,0.0,0.0
q_560,100.0,100.00000000000004,0.0,0.0
q_561,100.0,60.653065971263366,0.0,0.0
q_562,0.0,0.0,0.0,0.0
q_563,0.0,0.0,0.0,0.0
q_564,100.0,100.00000000000004,50.0,4.9787068367863965
q_565,0.0,0.0,0.0,0.0
q_566,100.0,100.00000000000004,100.0,0.0
q_567,100.0,100.00000000000004,100.0,100.00000000000004
q_568,0.0,0.0,0.0,0.0
q_569,100.0,100.00000000000004,0.0,0.0
q_57,100.0,100.00000000000004,0.0,0.0
q_570,100.0,49.99999999999999,0.0,0.0
q_571,100.0,100.00000000000004,100.0,100.00000000000004
q_572,100.0,77.88007830714052,100.0,77.88007830714052
q_573,100.0,0.0,0.0,0.0
q_574,0.0,0.0,0.0,0.0
q_575,100.0,100.00000000000004,100.0,100.00000000000004
q_576,100.0,100.00000000000004,100.0,100.00000000000004
q_577,100.0,0.0,0.0,0.0
q_578,0.0,0.0,0.0,0.0
q_579,0.0,0.0,100.0,100.00000000000004
q_58,100.0,59.46035575013604,0.0,0.0
q_580,66.66666666666666,0.0,0.0,0.0
q_581,40.0,27.51606040745522,100.0,100.00000000000004
q_582,100.0,100.00000000000004,100.0,100.00000000000004
q_583,100.0,100.00000000000004,100.0,100.00000000000004
q_584,100.0,0.0,0.0,0.0
q_585,100.0,0.0,0.0,0.0
q_586,0.0,0.0,0.0,0.0
q_587,0.0,0.0,100.0,100.00000000000004
q_588,100.0,100.00000000000004,100.0,100.00000000000004
q_589,100.0,100.00000000000004,0.0,0.0
q_59,0.0,0.0,40.0,30.326532985631665
q_590,100.0,100.00000000000004,100.0,100.00000000000004
q_591,100.0,100.00000000000004,100.0,100.00000000000004
q_592,28.57142857142857,8.116697886877475,0.0,0.0
q_593,100.0,100.00000000000004,0.0,0.0
q_594,0.0,0.0,0.0,0.0
q_595,100.0,100.00000000000004,100.0,100.00000000000004
q_596,100.0,100.00000000000004,0.0,0.0
q_597,100.0,100.00000000000004,0.0,0.0
q_598,100.0,100.00000000000004,0.0,0.0
q_599,0.0,0.0,0.0,0.0
q_6,50.0,0.0,0.0,0.0
q_60,100.0,49.99999999999999,0.0,0.0
q_600,100.0,100.00000000000004,100.0,0.0
q_601,100.0,100.00000000000004,50.0,4.9787068367863965
q_602,100.0,100.00000000000004,0.0,0.0
q_603,0.0,0.0,0.0,0.0
q_604,100.0,100.00000000000004,0.0,0.0
q_605,100.0,59.46035575013604,0.0,0.0
q_606,100.0,100.00000000000004,50.0,4.9787068367863965
q_607,100.0,100.00000000000004,80.0,27.51606040745522
q_608,0.0,0.0,0.0,0.0
q_609,100.0,36.78794411714425,0.0,0.0
q_61,100.0,100.00000000000004,0.0,0.0
q_610,88.8888888888889,66.87403049764218,0.0,0.0
q_611,100.0,49.99999999999999,66.66666666666666,31.94715521231363
q_612,50.0,0.0,0.0,0.0
q_613,83.33333333333333,61.47881529512643,0.0,0.0
q_614,0.0,0.0,0.0,0.0
q_615,61.53846153846153,29.847458960098216,0.0,0.0
q_616,100.0,100.00000000000004,0.0,0.0
q_617,100.0,100.00000000000004,0.0,0.0
q_618,83.33333333333333,61.47881529512643,88.8888888888889,77.88007830714052
q_619,100.0,100.00000000000004,0.0,0.0
q_62,100.0,100.00000000000004,0.0,0.0
q_620,50.0,0.0,0.0,0.0
q_621,100.0,100.00000000000004,0.0,0.0
q_622,66.66666666666666,13.533528323661276,66.66666666666666,0.0
q_623,100.0,100.00000000000004,100.0,100.00000000000004
q_624,100.0,100.00000000000004,80.0,60.653065971263366
q_625,66.66666666666666,30.213753973567677,0.0,0.0
q_626,100.0,100.00000000000004,0.0,0.0
q_627,0.0,0.0,0.0,0.0
q_628,0.0,0.0,0.0,0.0
q_629,100.0,100.00000000000004,100.0,100.00000000000004
q_63,0.0,0.0,0.0,0.0
q_630,100.0,100.00000000000004,80.0,60.653065971263366
q_631,100.0,100.00000000000004,100.0,100.00000000000004
q_632,100.0,100.00000000000004,0.0,0.0
q_633,50.0,0.673794699908547,0.0,0.0
q_634,40.0,11.044795567078939,0.0,0.0
q_635,100.0,100.00000000000004,0.0,0.0
q_636,100.0,55.03212081491042,100.0,55.03212081491042
q_637,100.0,55.03212081491042,0.0,0.0
q_638,0.0,0.0,0.0,0.0
q_639,66.66666666666666,20.556680845025987,100.0,100.00000000000004
q_64,100.0,100.00000000000004,40.0,9.652434877402245
q_640,66.66666666666666,20.556680845025987,0.0,0.0
q_641,100.0,100.00000000000004,100.0,100.00000000000004
q_642,100.0,100.00000000000004,0.0,0.0
q_643,100.0,100.00000000000004,0.0,0.0
q_644,100.0,100.00000000000004,100.0,100.00000000000004
q_645,85.71428571428571,59.46035575013604,0.0,0.0
q_646,0.0,0.0,66.66666666666666,49.99999999999999
q_647,100.0,100.00000000000004,0.0,0.0
q_648,80.0,55.03212081491042,0.0,0.0
q_649,100.0,100.00000000000004,0.0,0.0
q_65,100.0,100.00000000000004,0.0,0.0
q_650,100.0,100.00000000000004,33.33333333333333,27.51606040745522
q_651,100.0,100.00000000000004,100.0,100.00000000000004
q_652,80.0,55.03212081491042,0.0,0.0
q_653,0.0,0.0,0.0,0.0
q_654,100.0,100.00000000000004,0.0,0.0
q_655,100.0,100.00000000000004,0.0,0.0
q_656,40.0,0.0,0.0,0.0
q_657,100.0,100.00000000000004,0.0,0.0
q_658,100.0,100.00000000000004,0.0,0.0
q_659,0.0,0.0,22.22222222222222,0.0
q_66,100.0,100.00000000000004,0.0,0.0
q_660,0.0,0.0,0.0,0.0
q_661,0.0,0.0,0.0,0.0
q_662,100.0,100.00000000000004,0.0,0.0
q_663,92.3076923076923,84.64817248906144,0.0,0.0
q_664,100.0,100.00000000000004,0.0,0.0
q_665,100.0,100.00000000000004,0.0,0.0
q_666,28.57142857142857,0.0,0.0,0.0
q_667,100.0,100.00000000000004,0.0,0.0
q_668,100.0,55.03212081491042,0.0,0.0
q_669,100.0,100.00000000000004,60.0,13.134549472120788
q_67,85.71428571428571,59.46035575013604,0.0,0.0
q_670,100.0,100.00000000000004,0.0,0.0
q_671,0.0,0.0,0.0,0.0
q_672,100.0,55.03212081491042,50.0,27.51606040745522
q_673,100.0,100.00000000000004,40.0,7.809849842300641
q_674,100.0,100.00000000000004,100.0,100.00000000000004
q_675,0.0,0.0,0.0,0.0
q_676,100.0,55.03212081491042,0.0,0.0
q_677,100.0,55.03212081491042,50.0,27.51606040745522
q_678,66.66666666666666,49.99999999999999,100.0,100.00000000000004
q_679,100.0,60.653065971263366,0.0,0.0
q_68,100.0,100.00000000000004,0.0,0.0
q_680,100.0,100.00000000000004,0.0,0.0
q_681,100.0,100.00000000000004,0.0,0.0
q_682,66.66666666666666,0.0,0.0,0.0
q_683,100.0,100.00000000000004,0.0,0.0
q_684,100.0,100.00000000000004,0.0,0.0
q_685,80.0,55.03212081491042,0.0,0.0
q_686,100.0,49.99999999999999,0.0,0.0
q_687,13.333333333333334,1.9146030690102516,0.0,0.0
q_688,80.0,55.03212081491042,0.0,0.0
q_689,0.0,0.0,0.0,0.0
q_69,66.66666666666666,31.94715521231363,66.66666666666666,31.94715521231363
q_690,66.66666666666666,0.0,0.0,0.0
q_691,100.0,100.00000000000004,0.0,0.0
q_692,18.181818181818183,3.7477767366779213,0.0,0.0
q_693,26.66666666666667,5.166045454134253,0.0,0.0
q_694,100.0,100.00000000000004,0.0,0.0
q_695,7.407407407407408,1.2557690800697192,36.36363636363637,4.990049701936832
q_696,100.0,100.00000000000004,100.0,100.00000000000004
q_697,76.92307692307693,30.213753973567677,0.0,0.0
q_698,100.0,100.00000000000004,0.0,0.0
q_699,0.0,0.0,80.0,39.76353643835254
q_7,100.0,100.00000000000004,100.0,100.00000000000004
q_70,14.285714285714288,0.0,28.571428571428577,15.97357760615681
q_700,100.0,100.00000000000004,100.0,100.00000000000004
q_701,100.0,100.00000000000004,0.0,0.0
q_702,0.0,0.0,0.0,0.0
q_703,100.0,100.00000000000004,80.0,39.76353643835254
q_704,100.0,100.00000000000004,0.0,0.0
q_705,100.0,60.653065971263366,0.0,0.0
q_706,40.0,8.116697886877475,0.0,0.0
q_707,0.0,0.0,0.0,0.0
q_708,0.0,0.0,0.0,0.0
q_709,66.66666666666666,27.51606040745522,0.0,0.0
q_71,100.0,100.00000000000004,0.0,0.0
q_710,100.0,100.00000000000004,0.0,0.0
q_711,60.0,21.3643503198117,0.0,0.0
q_712,13.333333333333334,2.627961710408444,0.0,0.0
q_713,0.0,0.0,0.0,0.0
q_714,40.0,0.0,50.0,0.0
q_715,100.0,100.00000000000004,66.66666666666666,27.51606040745522
q_716,100.0,100.00000000000004,0.0,0.0
q_717,100.0,100.00000000000004,46.15384615384615,3.136388772461349
q_718,100.0,100.00000000000004,0.0,0.0
q_719,100.0,100.00000000000004,40.00000000000001,24.880469496253564
q_72,100.0,49.99999999999999,100.0,49.99999999999999
q_720,100.0,100.00000000000004,0.0,0.0
q_721,100.0,0.0,0.0,0.0
q_722,100.0,100.00000000000004,66.66666666666666,36.78794411714425
q_723,100.0,49.99999999999999,0.0,0.0
q_724,50.0,23.588448106534212,14.285714285714288,0.0
q_725,77.77777777777779,57.3753420737433,0.0,0.0
q_726,33.333333333333336,10.682175159905853,0.0,0.0
q_727,100.0,100.00000000000004,0.0,0.0
q_728,100.0,100.00000000000004,0.0,0.0
q_729,100.0,0.0,0.0,0.0
q_73,0.0,0.0,50.0,0.0
q_730,100.0,100.00000000000004,0.0,0.0
q_731,50.0,16.233395773754946,0.0,0.0
q_732,20.0,2.775638555723182,0.0,0.0
q_733,100.0,100.00000000000004,0.0,0.0
q_734,100.0,100.00000000000004,0.0,0.0
q_735,100.0,100.00000000000004,0.0,0.0
q_736,100.0,100.00000000000004,0.0,0.0
q_737,100.0,100.00000000000004,0.0,0.0
q_738,100.0,100.00000000000004,0.0,0.0
q_739,100.0,59.46035575013604,0.0,0.0
q_74,100.0,100.00000000000004,0.0,49.99999999999999
q_740,100.0,100.00000000000004,0.0,0.0
q_741,57.14285714285715,21.3643503198117,0.0,0.0
q_742,100.0,100.00000000000004,0.0,0.0
q_743,0.0,0.0,0.0,0.0
q_744,88.8888888888889,66.87403049764218,0.0,0.0
q_745,100.0,60.653065971263366,0.0,0.0
q_746,100.0,100.00000000000004,0.0,0.0
q_747,100.0,100.00000000000004,100.0,100.00000000000004
q_748,100.0,100.00000000000004,0.0,0.0
q_749,100.0,100.00000000000004,0.0,0.0
q_75,100.0,100.00000000000004,0.0,0.0
q_750,0.0,0.0,0.0,0.0
q_751,54.54545454545454,20.556680845025987,22.22222222222222,0.0
q_753,82.35294117647058,63.894310424627285,0.0,0.0
q_754,0.0,0.0,0.0,0.0
q_755,66.66666666666666,36.78794411714425,66.66666666666666,36.78794411714425
q_756,100.0,100.00000000000004,0.0,0.0
q_757,100.0,100.00000000000004,0.0,0.0
q_758,100.0,100.00000000000004,0.0,0.0
q_759,0.0,0.0,0.0,0.0
q_76,100.0,75.98356856515926,0.0,0.0
q_760,100.0,100.00000000000004,33.33333333333333,27.51606040745522
q_761,100.0,100.00000000000004,12.5,5.669791110976001
q_762,50.0,27.51606040745522,0.0,0.0
q_763,100.0,100.00000000000004,0.0,0.0
q_764,100.0,100.00000000000004,0.0,0.0
q_765,85.71428571428571,59.46035575013604,0.0,0.0
q_766,100.0,100.00000000000004,0.0,0.0
q_767,100.0,100.00000000000004,0.0,0.0
q_768,100.0,100.00000000000004,100.0,100.00000000000004
q_769,0.0,0.0,33.33333333333333,27.51606040745522
q_77,100.0,100.00000000000004,0.0,0.0
q_770,40.0,4.9787068367863965,0.0,0.0
q_771,22.222222222222225,10.682175159905853,20.0,5.522397783539471
q_772,50.0,1.8315638888734185,0.0,0.0
q_773,40.0,11.044795567078939,0.0,0.0
q_774,44.44444444444445,13.134549472120794,0.0,0.0
q_775,85.71428571428571,59.46035575013604,0.0,0.0
q_776,58.82352941176471,23.462350320528007,0.0,0.0
q_777,44.44444444444445,13.134549472120794,0.0,0.0
q_778,50.0,1.8315638888734185,0.0,0.0
q_779,100.0,100.00000000000004,100.0,100.00000000000004
q_78,100.0,100.00000000000004,0.0,49.99999999999999
q_780,83.33333333333333,68.037493331712,0.0,0.0
q_781,100.0,100.00000000000004,100.0,100.00000000000004
q_782,66.66666666666666,44.63236137853328,0.0,0.0
q_783,61.53846153846153,28.91784933232572,0.0,0.0
q_784,38.46153846153846,16.1692143534558,25.0,0.0
q_785,100.0,60.653065971263366,100.0,60.653065971263366
q_786,100.0,100.00000000000004,100.0,100.00000000000004
q_787,100.0,100.00000000000004,100.0,100.00000000000004
q_788,100.0,100.00000000000004,0.0,0.0
q_789,50.0,10.682175159905853,0.0,0.0
q_79,100.0,0.0,0.0,0.0
q_790,100.0,100.00000000000004,0.0,0.0
q_791,100.0,100.00000000000004,0.0,0.0
q_792,100.0,100.00000000000004,100.0,100.00000000000004
q_793,100.0,100.00000000000004,0.0,0.0
q_794,0.0,0.0,0.0,0.0
q_795,100.0,100.00000000000004,0.0,0.0
q_796,100.0,100.00000000000004,0.0,0.0
q_797,100.0,100.00000000000004,0.0,0.0
q_798,100.0,100.00000000000004,0.0,0.0
q_799,33.333333333333336,10.682175159905853,0.0,0.0
q_8,0.0,0.0,100.0,0.0
q_80,100.0,100.00000000000004,0.0,0.0
q_800,0.0,0.0,0.0,0.0
q_801,0.0,0.0,0.0,0.0
q_802,100.0,100.00000000000004,66.66666666666666,49.99999999999999
q_803,100.0,100.00000000000004,0.0,0.0
q_804,100.0,100.00000000000004,0.0,0.0
q_805,100.0,100.00000000000004,66.66666666666666,49.99999999999999
q_806,100.0,100.00000000000004,0.0,0.0
q_807,66.66666666666666,49.99999999999999,0.0,0.0
q_808,66.66666666666666,36.78794411714425,0.0,0.0
q_809,100.0,100.00000000000004,0.0,0.0
q_81,100.0,100.00000000000004,0.0,27.51606040745522
q_810,100.0,100.00000000000004,100.0,100.00000000000004
q_811,0.0,0.0,28.571428571428577,7.809849842300641
q_812,100.0,100.00000000000004,66.66666666666666,36.78794411714425
q_813,0.0,0.0,0.0,0.0
q_814,0.0,0.0,100.0,100.00000000000004
q_815,100.0,100.00000000000004,0.0,0.0
q_816,100.0,100.00000000000004,0.0,0.0
q_817,100.0,100.00000000000004,0.0,0.0
q_818,100.0,100.00000000000004,100.0,100.00000000000004
q_819,0.0,0.0,100.0,100.00000000000004
q_82,100.0,100.00000000000004,100.0,100.00000000000004
q_820,100.0,100.00000000000004,0.0,0.0
q_821,100.0,100.00000000000004,50.0,49.99999999999999
q_822,100.0,100.00000000000004,0.0,0.0
q_823,80.0,55.03212081491042,0.0,0.0
q_824,66.66666666666666,49.99999999999999,0.0,0.0
q_825,80.0,55.03212081491042,0.0,0.0
q_826,66.66666666666666,49.99999999999999,0.0,0.0
q_827,100.0,100.00000000000004,0.0,0.0
q_828,100.0,100.00000000000004,0.0,0.0
q_829,100.0,100.00000000000004,0.0,0.0
q_83,100.0,100.00000000000004,100.0,100.00000000000004
q_830,100.0,100.00000000000004,0.0,0.0
q_831,100.0,100.00000000000004,0.0,0.0
q_832,47.05882352941176,23.462350320528007,54.54545454545454,17.965205598154213
q_833,100.0,100.00000000000004,0.0,0.0
q_834,100.0,66.87403049764218,0.0,0.0
q_835,100.0,100.00000000000004,100.0,100.00000000000004
q_836,100.0,71.65313105737896,0.0,0.0
q_837,100.0,100.00000000000004,80.0,30.326532985631665
q_838,66.66666666666666,27.51606040745522,0.0,0.0
q_839,100.0,100.00000000000004,0.0,0.0
q_84,40.0,39.43223765116288,0.0,19.716118825581447
q_840,100.0,100.00000000000004,100.0,100.00000000000004
q_841,88.8888888888889,50.813274815461476,0.0,0.0
q_842,100.0,100.00000000000004,0.0,0.0
q_843,18.181818181818183,4.196114906296549,0.0,0.0
q_844,100.0,100.00000000000004,0.0,0.0
q_845,100.0,100.00000000000004,0.0,0.0
q_846,100.0,100.00000000000004,0.0,0.0
q_847,100.0,100.00000000000004,0.0,0.0
q_848,33.33333333333333,15.97357760615681,0.0,0.0
q_849,100.0,100.00000000000004,0.0,0.0
q_85,74.99999999999999,39.76353643835254,28.571428571428577,15.97357760615681
q_850,100.0,100.00000000000004,0.0,0.0
q_851,100.0,100.00000000000004,0.0,0.0
q_852,100.0,100.00000000000004,0.0,0.0
q_853,100.0,100.00000000000004,0.0,0.0
q_854,100.0,100.00000000000004,0.0,0.0
q_855,100.0,100.00000000000004,0.0,0.0
q_856,50.0,11.044795567078939,0.0,0.0
q_857,30.769230769230766,4.456882760699064,100.0,100.00000000000004
q_858,0.0,0.0,0.0,0.0
q_859,100.0,100.00000000000004,0.0,0.0
q_86,100.0,100.00000000000004,0.0,0.0
q_860,100.0,100.00000000000004,0.0,0.0
q_861,100.0,100.00000000000004,100.0,100.00000000000004
q_862,100.0,100.00000000000004,0.0,0.0
q_863,88.8888888888889,59.46035575013604,0.0,0.0
q_864,100.0,100.00000000000004,0.0,0.0
q_865,66.66666666666666,49.99999999999999,28.57142857142857,8.116697886877475
q_866,100.0,100.00000000000004,100.0,100.00000000000004
q_867,100.0,100.00000000000004,0.0,0.0
q_868,100.0,100.00000000000004,0.0,0.0
q_869,100.0,100.00000000000004,0.0,0.0
q_87,100.0,100.00000000000004,50.0,55.03212081491042
q_870,100.0,60.653065971263366,100.0,60.653065971263366
q_871,100.0,100.00000000000004,0.0,0.0
q_872,100.0,100.00000000000004,0.0,0.0
q_873,50.0,0.0,0.0,0.0
q_874,80.0,55.03212081491042,50.0,49.99999999999999
q_875,0.0,0.0,0.0,0.0
q_876,100.0,100.00000000000004,0.0,0.0
q_877,100.0,100.00000000000004,100.0,100.00000000000004
q_878,0.0,0.0,0.0,0.0
q_879,66.66666666666666,36.78794411714425,0.0,0.0
q_88,0.0,0.0,0.0,0.0
q_880,0.0,0.0,0.0,0.0
q_881,100.0,100.00000000000004,100.0,100.00000000000004
q_882,100.0,100.00000000000004,0.0,0.0
q_883,0.0,0.0,0.0,0.0
q_884,0.0,0.0,0.0,0.0
q_885,100.0,100.00000000000004,0.0,0.0
q_886,100.0,100.00000000000004,0.0,0.0
q_887,100.0,100.00000000000004,0.0,0.0
q_888,100.0,100.00000000000004,0.0,0.0
q_889,80.0,55.03212081491042,0.0,0.0
q_89,100.0,100.00000000000004,0.0,0.0
q_890,100.0,100.00000000000004,0.0,0.0
q_891,100.0,100.00000000000004,0.0,0.0
q_892,40.0,4.9787068367863965,0.0,0.0
q_893,66.66666666666666,36.78794411714425,0.0,0.0
q_894,0.0,0.0,0.0,0.0
q_895,40.0,30.326532985631665,0.0,0.0
q_896,92.3076923076923,58.73949094699212,92.3076923076923,58.73949094699212
q_897,100.0,100.00000000000004,0.0,0.0
q_898,33.333333333333336,1.8315638888734185,0.0,0.0
q_899,100.0,100.00000000000004,0.0,0.0
q_9,100.0,100.00000000000004,0.0,0.0
q_90,50.0,4.9787068367863965,0.0,0.0
q_900,100.0,100.00000000000004,100.0,100.00000000000004
q_901,100.0,100.00000000000004,0.0,0.0
q_902,0.0,0.0,0.0,0.0
q_903,0.0,0.0,0.0,0.0
q_904,50.0,13.533528323661276,0.0,0.0
q_905,66.66666666666666,36.78794411714425,0.0,0.0
q_906,100.0,100.00000000000004,0.0,0.0
q_907,100.0,100.00000000000004,0.0,0.0
q_908,100.0,100.00000000000004,0.0,0.0
q_909,100.0,100.00000000000004,0.0,0.0
q_91,33.33333333333333,15.97357760615681,0.0,0.0
q_910,100.0,80.07374029168083,0.0,0.0
q_911,100.0,100.00000000000004,100.0,100.00000000000004
q_912,0.0,0.0,100.0,100.00000000000004
q_913,100.0,55.03212081491042,0.0,0.0
q_914,94.11764705882352,90.48374180359599,13.333333333333334,4.995138898472386
q_915,100.0,100.00000000000004,0.0,0.0
q_916,100.0,100.00000000000004,0.0,0.0
q_917,100.0,100.00000000000004,0.0,0.0
q_918,100.0,100.00000000000004,0.0,0.0
q_919,87.50000000000001,57.06745777055997,0.0,0.0
q_92,100.0,100.00000000000004,0.0,0.0
q_920,100.0,100.00000000000004,100.0,100.00000000000004
q_921,100.0,100.00000000000004,80.0,55.03212081491042
q_922,100.0,100.00000000000004,0.0,0.0
q_923,100.0,100.00000000000004,0.0,0.0
q_924,100.0,100.00000000000004,100.0,100.00000000000004
q_925,100.0,100.00000000000004,0.0,0.0
q_926,100.0,100.00000000000004,100.0,100.00000000000004
q_927,100.0,100.00000000000004,0.0,0.0
q_928,100.0,55.03212081491042,0.0,0.0
q_929,0.0,0.0,100.0,100.00000000000004
q_93,85.71428571428571,59.46035575013604,40.0,0.0
q_930,66.66666666666666,49.99999999999999,0.0,0.0
q_931,0.0,0.0,0.0,0.0
q_932,66.66666666666666,36.78794411714425,0.0,0.0
q_933,66.66666666666666,49.99999999999999,50.0,27.51606040745522
q_934,100.0,36.78794411714425,100.0,36.78794411714425
q_935,100.0,100.00000000000004,100.0,100.00000000000004
q_936,100.0,100.00000000000004,0.0,0.0
q_937,100.0,100.00000000000004,100.0,100.00000000000004
q_938,100.0,100.00000000000004,0.0,0.0
q_939,0.0,0.0,0.0,0.0
q_94,100.0,100.00000000000004,0.0,0.0
q_940,66.66666666666666,36.78794411714425,0.0,0.0
q_941,100.0,100.00000000000004,0.0,0.0
q_942,100.0,100.00000000000004,0.0,0.0
q_943,100.0,100.00000000000004,0.0,0.0
q_944,100.0,100.00000000000004,0.0,0.0
q_945,66.66666666666666,49.99999999999999,0.0,0.0
q_946,100.0,100.00000000000004,0.0,0.0
q_947,50.0,13.533528323661276,0.0,0.0
q_948,100.0,100.00000000000004,6.896551724137932,1.3353534059549443
q_949,0.0,0.0,0.0,0.0
q_95,100.0,100.00000000000004,33.33333333333333,27.51606040745522
q_950,100.0,100.00000000000004,40.0,0.0
q_951,100.0,100.00000000000004,0.0,0.0
q_952,0.0,0.0,0.0,0.0
q_953,100.0,100.00000000000004,100.0,100.00000000000004
q_954,100.0,100.00000000000004,0.0,0.0
q_955,100.0,100.00000000000004,0.0,0.0
q_956,0.0,0.0,0.0,0.0
q_957,0.0,0.0,50.0,4.9787068367863965
q_958,100.0,100.00000000000004,100.0,0.0
q_959,0.0,0.0,80.0,26.013004751144457
q_96,50.0,49.99999999999999,50.0,49.99999999999999
q_960,100.0,100.00000000000004,100.0,55.03212081491042
q_961,100.0,100.00000000000004,0.0,0.0
q_962,100.0,36.78794411714425,100.0,36.78794411714425
q_963,100.0,100.00000000000004,0.0,0.0
q_964,100.0,100.00000000000004,0.0,0.0
q_965,100.0,100.00000000000004,100.0,100.00000000000004
q_966,0.0,0.0,0.0,0.0
q_967,0.0,0.0,0.0,0.0
q_968,100.0,100.00000000000004,0.0,0.0
q_969,11.11111111111111,2.153749340017052,11.76470588235294,1.0211566521809647
q_97,100.0,100.00000000000004,100.0,100.00000000000004
q_970,6.666666666666667,1.123099644603982,36.36363636363637,9.535414040914189
q_971,0.0,0.0,28.571428571428577,8.116697886877475
q_972,100.0,100.00000000000004,0.0,0.0
q_973,88.8888888888889,36.78794411714425,0.0,0.0
q_974,0.0,0.0,0.0,0.0
q_975,40.0,49.99999999999999,0.0,0.0
q_976,100.0,36.78794411714425,0.0,0.0
q_977,28.57142857142857,6.567274736060395,0.0,0.0
q_978,0.0,0.0,0.0,0.0
q_979,0.0,0.0,0.0,0.0
q_98,100.0,100.00000000000004,100.0,100.00000000000004
q_980,90.9090909090909,66.87403049764218,18.18181818181818,0.0
q_981,71.42857142857143,29.847458960098216,36.36363636363636,15.97357760615681
q_982,100.0,100.00000000000004,0.0,0.0
q_983,100.0,100.00000000000004,57.14285714285715,55.03212081491042
q_984,100.0,100.00000000000004,100.0,100.00000000000004
q_985,100.0,100.00000000000004,0.0,0.0
q_986,100.0,100.00000000000004,0.0,0.0
q_987,100.0,100.00000000000004,50.0,0.0
q_988,100.0,100.00000000000004,100.0,100.00000000000004
q_989,0.0,0.0,0.0,0.0
q_99,66.66666666666666,49.99999999999999,50.0,10.682175159905853
q_990,100.0,100.00000000000004,0.0,0.0
q_991,100.0,49.99999999999999,0.0,0.0
q_992,100.0,100.00000000000004,0.0,0.0
q_993,0.0,0.0,100.0,100.00000000000004
q_994,100.0,100.00000000000004,0.0,0.0
q_995,100.0,100.00000000000004,0.0,0.0
q_996,100.0,100.00000000000004,100.0,100.00000000000004
q_997,100.0,49.99999999999999,50.0,0.0
q_998,33.333333333333336,10.682175159905853,0.0,0.0
q_999,80.0,60.653065971263366,0.0,0.0
