qid,model,mode,bleu_pct,rougeL_f1_pct
q_0,llama-3.1-8b-instant,WITH,100.00000000000004,100.0
q_1,llama-3.1-8b-instant,WITH,15.310245441182436,50.0
q_10,llama-3.1-8b-instant,WITH,100.00000000000004,100.0
q_100,llama-3.1-8b-instant,WITH,100.00000000000004,100.0
q_101,llama-3.1-8b-instant,WITH,49.99999999999999,66.66666666666666
q_102,llama-3.1-8b-instant,WITH,0.0,50.0
q_103,llama-3.1-8b-instant,WITH,60.653065971263366,80.0
q_104,llama-3.1-8b-instant,WITH,59.460355750136046,100.0
q_105,llama-3.1-8b-instant,WITH,4.9787068367863965,50.0
q_106,llama-3.1-8b-instant,WITH,55.03212081491043,100.0
q_107,llama-3.1-8b-instant,WITH,100.00000000000004,100.0
q_108,llama-3.1-8b-instant,WITH,0.0,0.0
q_109,llama-3.1-8b-instant,WITH,50.81327481546147,83.33333333333333
q_11,llama-3.1-8b-instant,WITH,100.00000000000004,100.0
q_110,llama-3.1-8b-instant,WITH,100.00000000000004,100.0
q_111,llama-3.1-8b-instant,WITH,100.00000000000004,100.0
q_112,llama-3.1-8b-instant,WITH,10.682175159905853,33.333333333333336
q_113,gemma2-9b-it,WITH,55.03212081491043,100.0
q_114,gemma2-9b-it,WITH,100.00000000000004,100.0
q_115,gemma2-9b-it,WITH,100.00000000000004,100.0
q_116,gemma2-9b-it,WITH,0.40867714384640685,44.44444444444445
q_117,gemma2-9b-it,WITH,0.0,0.0
q_118,gemma2-9b-it,WITH,100.00000000000004,100.0
q_119,gemma2-9b-it,WITH,100.00000000000004,100.0
q_12,gemma2-9b-it,WITH,100.00000000000004,100.0
q_120,gemma2-9b-it,WITH,100.00000000000004,100.0
q_121,gemma2-9b-it,WITH,100.00000000000004,100.0
q_122,gemma2-9b-it,WITH,100.00000000000004,100.0
q_123,gemma2-9b-it,WITH,0.0,100.0
q_124,gemma2-9b-it,WITH,100.00000000000004,100.0
q_125,gemma2-9b-it,WITH,100.00000000000004,100.0
q_126,gemma2-9b-it,WITH,100.00000000000004,100.0
q_127,gemma2-9b-it,WITH,100.00000000000004,100.0
q_128,gemma2-9b-it,WITH,100.00000000000004,100.0
q_129,gemma2-9b-it,WITH,100.00000000000004,100.0
q_13,gemma2-9b-it,WITH,100.00000000000004,100.0
q_130,gemma2-9b-it,WITH,100.00000000000004,100.0
q_131,gemma2-9b-it,WITH,51.341711903259224,66.66666666666666
q_132,gemma2-9b-it,WITH,100.00000000000004,100.0
q_133,gemma2-9b-it,WITH,15.97357760615681,50.0
q_134,gemma2-9b-it,WITH,100.00000000000004,100.0
q_135,gemma2-9b-it,WITH,100.00000000000004,100.0
q_136,gemma2-9b-it,WITH,100.00000000000004,100.0
q_137,gemma2-9b-it,WITH,100.00000000000004,100.0
q_138,gemma2-9b-it,WITH,100.00000000000004,100.0
q_139,gemma2-9b-it,WITH,100.00000000000004,100.0
q_14,gemma2-9b-it,WITH,100.00000000000004,100.0
q_140,gemma2-9b-it,WITH,100.00000000000004,100.0
q_141,gemma2-9b-it,WITH,100.00000000000004,100.0
q_142,gemma2-9b-it,WITH,100.00000000000004,100.0
q_143,gemma2-9b-it,WITH,13.533528323661276,66.66666666666666
q_144,gemma2-9b-it,WITH,100.00000000000004,100.0
q_145,gemma2-9b-it,WITH,100.00000000000004,100.0
q_146,gemma2-9b-it,WITH,13.533528323661276,66.66666666666666
q_147,gemma2-9b-it,WITH,30.326532985631665,50.0
q_148,gemma2-9b-it,WITH,0.0,0.0
q_149,gemma2-9b-it,WITH,30.326532985631665,40.0
q_15,gemma2-9b-it,WITH,0.0,0.0
q_150,gemma2-9b-it,WITH,100.00000000000004,100.0
q_151,gemma2-9b-it,WITH,100.00000000000004,100.0
q_152,gemma2-9b-it,WITH,100.00000000000004,100.0
q_153,gemma2-9b-it,WITH,100.00000000000004,100.0
q_154,gemma2-9b-it,WITH,100.00000000000004,100.0
q_155,gemma2-9b-it,WITH,100.00000000000004,100.0
q_156,gemma2-9b-it,WITH,100.00000000000004,100.0
q_157,gemma2-9b-it,WITH,100.00000000000004,100.0
q_158,gemma2-9b-it,WITH,100.00000000000004,100.0
q_159,gemma2-9b-it,WITH,0.0,0.0
q_16,gemma2-9b-it,WITH,100.00000000000004,100.0
q_160,gemma2-9b-it,WITH,100.00000000000004,100.0
q_161,gemma2-9b-it,WITH,0.0,0.0
q_162,gemma2-9b-it,WITH,100.00000000000004,100.0
q_163,gemma2-9b-it,WITH,100.00000000000004,100.0
q_164,gemma2-9b-it,WITH,100.00000000000004,100.0
q_165,gemma2-9b-it,WITH,100.00000000000004,100.0
q_166,gemma2-9b-it,WITH,100.00000000000004,100.0
q_167,gemma2-9b-it,WITH,0.0,0.0
q_168,gemma2-9b-it,WITH,0.0,0.0
q_169,gemma2-9b-it,WITH,0.0,0.0
q_17,gemma2-9b-it,WITH,71.65313105737896,85.71428571428571
q_170,gemma2-9b-it,WITH,0.0,0.0
q_171,gemma2-9b-it,WITH,100.00000000000004,100.0
q_172,gemma2-9b-it,WITH,100.00000000000004,100.0
q_173,gemma2-9b-it,WITH,0.0,100.0
q_174,gemma2-9b-it,WITH,100.00000000000004,100.0
q_175,gemma2-9b-it,WITH,100.00000000000004,100.0
q_176,gemma2-9b-it,WITH,100.00000000000004,100.0
q_177,gemma2-9b-it,WITH,13.533528323661276,50.0
q_178,gemma2-9b-it,WITH,19.716118825581447,28.571428571428577
q_179,gemma2-9b-it,WITH,0.0,0.0
q_18,gemma2-9b-it,WITH,0.0,0.0
q_180,gemma2-9b-it,WITH,100.00000000000004,100.0
q_181,gemma2-9b-it,WITH,0.0,0.0
q_182,gemma2-9b-it,WITH,0.0,0.0
q_183,gemma2-9b-it,WITH,100.00000000000004,100.0
q_184,gemma2-9b-it,WITH,55.03212081491043,100.0
q_185,gemma2-9b-it,WITH,61.47881529512643,83.33333333333333
q_186,gemma2-9b-it,WITH,0.0,50.0
q_187,gemma2-9b-it,WITH,100.00000000000004,100.0
q_188,gemma2-9b-it,WITH,55.03212081491043,100.0
q_189,gemma2-9b-it,WITH,100.00000000000004,100.0
q_19,gemma2-9b-it,WITH,36.78794411714425,66.66666666666666
q_190,gemma2-9b-it,WITH,0.0,0.0
q_191,gemma2-9b-it,WITH,100.00000000000004,100.0
q_192,gemma2-9b-it,WITH,13.533528323661276,50.0
q_193,gemma2-9b-it,WITH,0.0,0.0
q_194,gemma2-9b-it,WITH,0.0,0.0
q_195,gemma2-9b-it,WITH,0.0,0.0
q_196,gemma2-9b-it,WITH,0.0,0.0
q_197,gemma2-9b-it,WITH,100.00000000000004,100.0
q_198,gemma2-9b-it,WITH,55.03212081491043,100.0
q_199,gemma2-9b-it,WITH,100.00000000000004,100.0
q_2,gemma2-9b-it,WITH,55.03212081491043,100.0
q_20,gemma2-9b-it,WITH,100.00000000000004,100.0
q_200,gemma2-9b-it,WITH,100.00000000000004,100.0
q_201,gemma2-9b-it,WITH,44.63236137853328,82.35294117647058
q_202,gemma2-9b-it,WITH,0.0,0.0
q_203,gemma2-9b-it,WITH,100.00000000000004,100.0
q_204,gemma2-9b-it,WITH,0.0,0.0
q_205,gemma2-9b-it,WITH,0.0,0.0
q_206,gemma2-9b-it,WITH,100.00000000000004,100.0
q_207,gemma2-9b-it,WITH,0.0,0.0
q_208,gemma2-9b-it,WITH,0.0,0.0
q_209,gemma2-9b-it,WITH,0.0,0.0
q_21,gemma2-9b-it,WITH,0.0,0.0
q_210,gemma2-9b-it,WITH,100.00000000000004,100.0
q_211,gemma2-9b-it,WITH,0.0,0.0
q_212,gemma2-9b-it,WITH,100.00000000000004,100.0
q_213,gemma2-9b-it,WITH,100.00000000000004,100.0
q_214,gemma2-9b-it,WITH,100.00000000000004,100.0
q_215,gemma2-9b-it,WITH,100.00000000000004,100.0
q_216,gemma2-9b-it,WITH,100.00000000000004,100.0
q_217,gemma2-9b-it,WITH,77.88007830714052,88.8888888888889
q_218,gemma2-9b-it,WITH,100.00000000000004,100.0
q_219,gemma2-9b-it,WITH,100.00000000000004,100.0
q_22,gemma2-9b-it,WITH,100.00000000000004,100.0
q_220,gemma2-9b-it,WITH,100.00000000000004,100.0
q_221,gemma2-9b-it,WITH,100.00000000000004,100.0
q_222,gemma2-9b-it,WITH,100.00000000000004,100.0
q_223,gemma2-9b-it,WITH,100.00000000000004,100.0
q_224,gemma2-9b-it,WITH,36.78794411714425,66.66666666666666
q_225,gemma2-9b-it,WITH,0.0,0.0
q_226,gemma2-9b-it,WITH,100.00000000000004,100.0
q_227,gemma2-9b-it,WITH,100.00000000000004,100.0
q_228,gemma2-9b-it,WITH,100.00000000000004,100.0
q_229,gemma2-9b-it,WITH,100.00000000000004,100.0
q_23,gemma2-9b-it,WITH,0.09118819655545167,33.333333333333336
q_230,gemma2-9b-it,WITH,100.00000000000004,100.0
q_231,gemma2-9b-it,WITH,100.00000000000004,100.0
q_232,gemma2-9b-it,WITH,73.61703354503868,86.95652173913044
q_233,gemma2-9b-it,WITH,100.00000000000004,100.0
q_234,gemma2-9b-it,WITH,0.0,0.0
q_235,gemma2-9b-it,WITH,100.00000000000004,100.0
q_236,gemma2-9b-it,WITH,100.00000000000004,100.0
q_237,gemma2-9b-it,WITH,100.00000000000004,100.0
q_238,gemma2-9b-it,WITH,0.0,0.0
q_239,gemma2-9b-it,WITH,100.00000000000004,100.0
q_24,gemma2-9b-it,WITH,100.00000000000004,100.0
q_240,gemma2-9b-it,WITH,13.533528323661276,50.0
q_241,gemma2-9b-it,WITH,100.00000000000004,100.0
q_242,gemma2-9b-it,WITH,49.99999999999999,66.66666666666666
q_243,gemma2-9b-it,WITH,100.00000000000004,100.0
q_244,gemma2-9b-it,WITH,100.00000000000004,100.0
q_245,gemma2-9b-it,WITH,60.653065971263366,80.0
q_246,gemma2-9b-it,WITH,22.31301601484299,57.14285714285715
q_247,gemma2-9b-it,WITH,89.31539818068698,100.0
q_248,gemma2-9b-it,WITH,100.00000000000004,100.0
q_249,gemma2-9b-it,WITH,49.99999999999999,100.0
q_25,gemma2-9b-it,WITH,100.00000000000004,100.0
q_250,gemma2-9b-it,WITH,100.00000000000004,100.0
q_251,gemma2-9b-it,WITH,100.00000000000004,100.0
q_252,gemma2-9b-it,WITH,100.00000000000004,100.0
q_253,gemma2-9b-it,WITH,100.00000000000004,100.0
q_254,gemma2-9b-it,WITH,36.78794411714425,80.0
q_255,gemma2-9b-it,WITH,100.00000000000004,100.0
q_256,gemma2-9b-it,WITH,0.673794699908547,40.0
q_257,gemma2-9b-it,WITH,100.00000000000004,100.0
q_258,gemma2-9b-it,WITH,100.00000000000004,100.0
q_259,gemma2-9b-it,WITH,100.00000000000004,100.0
q_26,gemma2-9b-it,WITH,66.87403049764218,88.8888888888889
q_260,gemma2-9b-it,WITH,36.78794411714425,100.0
q_261,gemma2-9b-it,WITH,100.00000000000004,100.0
q_262,gemma2-9b-it,WITH,100.00000000000004,100.0
q_263,gemma2-9b-it,WITH,100.00000000000004,100.0
q_264,gemma2-9b-it,WITH,100.00000000000004,100.0
q_265,gemma2-9b-it,WITH,36.78794411714425,80.0
q_266,gemma2-9b-it,WITH,18.393972058572114,40.0
q_267,gemma2-9b-it,WITH,55.03212081491043,80.0
q_268,gemma2-9b-it,WITH,100.00000000000004,100.0
q_269,gemma2-9b-it,WITH,7.809849842300641,18.181818181818183
q_27,gemma2-9b-it,WITH,27.516060407455225,66.66666666666666
q_270,gemma2-9b-it,WITH,0.0,0.0
q_271,gemma2-9b-it,WITH,100.00000000000004,100.0
q_272,gemma2-9b-it,WITH,0.0,0.0
q_273,gemma2-9b-it,WITH,0.0,0.0
q_274,gemma2-9b-it,WITH,100.00000000000004,100.0
q_275,gemma2-9b-it,WITH,0.0,0.0
q_276,gemma2-9b-it,WITH,100.00000000000004,100.0
q_277,gemma2-9b-it,WITH,0.0,0.0
q_278,gemma2-9b-it,WITH,100.00000000000004,100.0
q_279,gemma2-9b-it,WITH,100.00000000000004,100.0
q_28,gemma2-9b-it,WITH,100.00000000000004,100.0
q_280,gemma2-9b-it,WITH,0.0,0.0
q_281,gemma2-9b-it,WITH,0.0,0.0
q_282,gemma2-9b-it,WITH,49.99999999999999,100.0
q_283,gemma2-9b-it,WITH,100.00000000000004,100.0
q_284,gemma2-9b-it,WITH,15.97357760615681,50.0
q_285,gemma2-9b-it,WITH,0.0,0.0
q_286,gemma2-9b-it,WITH,49.99999999999999,100.0
q_287,gemma2-9b-it,WITH,100.00000000000004,100.0
q_288,gemma2-9b-it,WITH,15.97357760615681,50.0
q_289,gemma2-9b-it,WITH,0.0,100.0
q_29,gemma2-9b-it,WITH,3.0197383422318516,40.0
q_290,gemma2-9b-it,WITH,100.00000000000004,100.0
q_291,gemma2-9b-it,WITH,0.0,0.0
q_292,gemma2-9b-it,WITH,100.00000000000004,100.0
q_293,gemma2-9b-it,WITH,0.0,0.0
q_294,gemma2-9b-it,WITH,15.97357760615681,66.66666666666666
q_295,gemma2-9b-it,WITH,100.00000000000004,100.0
q_296,gemma2-9b-it,WITH,18.99589214128981,80.0
q_297,gemma2-9b-it,WITH,100.00000000000004,100.0
q_298,gemma2-9b-it,WITH,0.0,0.0
q_299,gemma2-9b-it,WITH,100.00000000000004,100.0
q_3,gemma2-9b-it,WITH,80.91067115702207,100.0
q_30,gemma2-9b-it,WITH,0.09118819655545167,22.22222222222222
q_300,gemma2-9b-it,WITH,100.00000000000004,100.0
q_302,gemma2-9b-it,WITH,100.00000000000004,100.0
q_303,gemma2-9b-it,WITH,100.00000000000004,100.0
q_304,gemma2-9b-it,WITH,100.00000000000004,100.0
q_305,gemma2-9b-it,WITH,100.00000000000004,100.0
q_306,gemma2-9b-it,WITH,55.03212081491043,85.71428571428571
q_307,gemma2-9b-it,WITH,34.66806371753173,80.0
q_308,gemma2-9b-it,WITH,100.00000000000004,100.0
q_309,gemma2-9b-it,WITH,100.00000000000004,100.0
q_31,gemma2-9b-it,WITH,100.00000000000004,100.0
q_310,gemma2-9b-it,WITH,0.0,0.0
q_311,gemma2-9b-it,WITH,100.00000000000004,100.0
q_312,gemma2-9b-it,WITH,100.00000000000004,100.0
q_313,gemma2-9b-it,WITH,100.00000000000004,100.0
q_314,gemma2-9b-it,WITH,0.0,0.0
q_315,gemma2-9b-it,WITH,0.0,0.0
q_316,gemma2-9b-it,WITH,0.0,0.0
q_317,gemma2-9b-it,WITH,100.00000000000004,100.0
q_318,gemma2-9b-it,WITH,0.0,40.0
q_319,gemma2-9b-it,WITH,100.00000000000004,100.0
q_32,gemma2-9b-it,WITH,0.0,0.0
q_320,gemma2-9b-it,WITH,100.00000000000004,100.0
q_321,gemma2-9b-it,WITH,0.0,0.0
q_322,gemma2-9b-it,WITH,27.516060407455225,50.0
q_323,gemma2-9b-it,WITH,100.00000000000004,100.0
q_324,gemma2-9b-it,WITH,60.653065971263366,100.0
q_325,gemma2-9b-it,WITH,100.00000000000004,100.0
q_326,gemma2-9b-it,WITH,100.00000000000004,100.0
q_327,gemma2-9b-it,WITH,0.0,0.0
q_328,gemma2-9b-it,WITH,100.00000000000004,100.0
q_329,gemma2-9b-it,WITH,36.78794411714425,66.66666666666666
q_33,gemma2-9b-it,WITH,100.00000000000004,100.0
q_330,gemma2-9b-it,WITH,0.673794699908547,28.57142857142857
q_331,gemma2-9b-it,WITH,100.00000000000004,100.0
q_332,gemma2-9b-it,WITH,100.00000000000004,100.0
q_333,gemma2-9b-it,WITH,100.00000000000004,100.0
q_334,gemma2-9b-it,WITH,100.00000000000004,100.0
q_335,gemma2-9b-it,WITH,100.00000000000004,100.0
q_336,gemma2-9b-it,WITH,0.673794699908547,28.57142857142857
q_337,gemma2-9b-it,WITH,100.00000000000004,100.0
q_338,gemma2-9b-it,WITH,0.0,0.0
q_339,gemma2-9b-it,WITH,100.00000000000004,100.0
q_34,gemma2-9b-it,WITH,100.00000000000004,100.0
q_340,gemma2-9b-it,WITH,100.00000000000004,100.0
q_341,gemma2-9b-it,WITH,100.00000000000004,100.0
q_342,gemma2-9b-it,WITH,0.0,0.0
q_343,gemma2-9b-it,WITH,100.00000000000004,100.0
q_344,gemma2-9b-it,WITH,0.0,0.0
q_345,gemma2-9b-it,WITH,0.0,0.0
q_346,gemma2-9b-it,WITH,0.0,33.33333333333333
q_347,gemma2-9b-it,WITH,100.00000000000004,100.0
q_348,gemma2-9b-it,WITH,100.00000000000004,100.0
q_349,gemma2-9b-it,WITH,100.00000000000004,100.0
q_35,gemma2-9b-it,WITH,22.31301601484299,66.66666666666666
q_350,gemma2-9b-it,WITH,100.00000000000004,100.0
q_351,gemma2-9b-it,WITH,51.341711903259224,100.0
q_352,gemma2-9b-it,WITH,100.00000000000004,100.0
q_353,gemma2-9b-it,WITH,100.00000000000004,100.0
q_354,gemma2-9b-it,WITH,13.533528323661276,50.0
q_355,gemma2-9b-it,WITH,100.00000000000004,100.0
q_356,gemma2-9b-it,WITH,100.00000000000004,100.0
q_357,gemma2-9b-it,WITH,100.00000000000004,100.0
q_358,gemma2-9b-it,WITH,24.446151121745054,60.0
q_359,gemma2-9b-it,WITH,71.65313105737896,100.0
q_36,gemma2-9b-it,WITH,100.00000000000004,100.0
q_360,gemma2-9b-it,WITH,100.00000000000004,100.0
q_361,gemma2-9b-it,WITH,100.00000000000004,100.0
q_362,gemma2-9b-it,WITH,100.00000000000004,100.0
q_363,gemma2-9b-it,WITH,0.0,0.0
q_364,gemma2-9b-it,WITH,0.0,0.0
q_365,gemma2-9b-it,WITH,49.99999999999999,100.0
q_366,gemma2-9b-it,WITH,50.81327481546147,72.72727272727272
q_367,gemma2-9b-it,WITH,59.460355750136046,100.0
q_368,gemma2-9b-it,WITH,49.99999999999999,100.0
q_369,gemma2-9b-it,WITH,81.87307530779823,100.0
q_37,gemma2-9b-it,WITH,100.00000000000004,100.0
q_370,llama3-8b-8192,WITH,100.00000000000004,100.0
q_371,llama3-8b-8192,WITH,49.99999999999999,100.0
q_372,llama3-8b-8192,WITH,0.0,0.0
q_373,llama3-8b-8192,WITH,100.00000000000004,100.0
q_374,llama3-8b-8192,WITH,0.0,50.0
q_375,llama3-8b-8192,WITH,100.00000000000004,100.0
q_376,llama3-8b-8192,WITH,36.78794411714425,80.0
q_377,llama3-8b-8192,WITH,100.00000000000004,100.0
q_378,llama3-8b-8192,WITH,100.00000000000004,100.0
q_379,llama3-8b-8192,WITH,60.653065971263366,100.0
q_38,llama3-8b-8192,WITH,100.00000000000004,100.0
q_380,llama3-8b-8192,WITH,100.00000000000004,100.0
q_381,llama3-8b-8192,WITH,100.00000000000004,100.0
q_382,llama3-8b-8192,WITH,100.00000000000004,100.0
q_383,llama3-8b-8192,WITH,3.2933284838220014,16.666666666666668
q_384,llama3-8b-8192,WITH,100.00000000000004,100.0
q_385,llama3-8b-8192,WITH,0.0,0.0
q_386,llama3-8b-8192,WITH,100.00000000000004,100.0
q_387,llama3-8b-8192,WITH,11.044795567078939,50.0
q_388,llama3-8b-8192,WITH,100.00000000000004,100.0
q_389,llama3-8b-8192,WITH,100.00000000000004,100.0
q_39,llama3-8b-8192,WITH,100.00000000000004,100.0
q_390,llama3-8b-8192,WITH,55.03212081491043,100.0
q_391,llama3-8b-8192,WITH,49.99999999999999,100.0
q_392,llama3-8b-8192,WITH,0.0,0.0
q_393,llama3-8b-8192,WITH,13.134549472120794,44.44444444444445
q_394,llama3-8b-8192,WITH,100.00000000000004,100.0
q_395,llama3-8b-8192,WITH,100.00000000000004,100.0
q_396,llama3-8b-8192,WITH,100.00000000000004,100.0
q_397,llama3-8b-8192,WITH,100.00000000000004,100.0
q_398,llama3-8b-8192,WITH,49.99999999999999,100.0
q_399,llama3-8b-8192,WITH,100.00000000000004,100.0
q_4,llama3-8b-8192,WITH,3.3864985683445354,11.76470588235294
q_40,llama3-8b-8192,WITH,0.0,66.66666666666666
q_400,llama3-8b-8192,WITH,0.0,0.0
q_401,llama3-8b-8192,WITH,100.00000000000004,100.0
q_402,llama3-8b-8192,WITH,0.0,0.0
q_403,llama3-8b-8192,WITH,0.0,0.0
q_404,llama3-8b-8192,WITH,100.00000000000004,100.0
q_405,llama3-8b-8192,WITH,100.00000000000004,100.0
q_406,llama3-8b-8192,WITH,100.00000000000004,100.0
q_407,llama3-8b-8192,WITH,100.00000000000004,100.0
q_408,llama3-8b-8192,WITH,0.0,0.0
q_409,llama3-8b-8192,WITH,100.00000000000004,100.0
q_41,llama3-8b-8192,WITH,55.93684915933074,76.1904761904762
q_410,llama3-8b-8192,WITH,100.00000000000004,100.0
q_411,llama3-8b-8192,WITH,60.653065971263366,100.0
q_412,llama3-8b-8192,WITH,0.0,100.0
q_413,llama3-8b-8192,WITH,100.00000000000004,100.0
q_414,llama3-8b-8192,WITH,49.99999999999999,66.66666666666666
q_415,llama3-8b-8192,WITH,100.00000000000004,100.0
q_416,llama3-8b-8192,WITH,100.00000000000004,100.0
q_417,llama3-8b-8192,WITH,100.00000000000004,100.0
q_418,llama3-8b-8192,WITH,100.00000000000004,100.0
q_419,llama3-8b-8192,WITH,100.00000000000004,100.0
q_42,llama3-8b-8192,WITH,0.0,66.66666666666666
q_420,llama3-8b-8192,WITH,100.00000000000004,100.0
q_421,llama3-8b-8192,WITH,100.00000000000004,100.0
q_422,llama3-8b-8192,WITH,60.653065971263366,100.0
q_423,llama3-8b-8192,WITH,100.00000000000004,100.0
q_424,llama3-8b-8192,WITH,100.00000000000004,100.0
q_425,llama3-8b-8192,WITH,0.0,0.0
q_426,llama3-8b-8192,WITH,0.0,66.66666666666666
q_427,llama3-8b-8192,WITH,0.0,80.0
q_428,llama3-8b-8192,WITH,100.00000000000004,100.0
q_429,llama3-8b-8192,WITH,49.99999999999999,100.0
q_43,llama3-8b-8192,WITH,4.9787068367863965,40.0
q_430,llama3-8b-8192,WITH,100.00000000000004,100.0
q_431,llama3-8b-8192,WITH,100.00000000000004,100.0
q_432,llama3-8b-8192,WITH,100.00000000000004,100.0
q_433,llama3-8b-8192,WITH,100.00000000000004,100.0
q_434,llama3-8b-8192,WITH,0.0,0.0
q_435,llama3-8b-8192,WITH,0.0,0.0
q_436,llama3-8b-8192,WITH,100.00000000000004,100.0
q_437,llama3-8b-8192,WITH,0.0,0.0
q_438,llama3-8b-8192,WITH,0.0,0.0
q_439,llama3-8b-8192,WITH,0.0,50.0
q_44,llama3-8b-8192,WITH,0.0,0.0
q_440,llama3-8b-8192,WITH,10.682175159905853,25.0
q_441,llama3-8b-8192,WITH,100.00000000000004,100.0
q_442,llama3-8b-8192,WITH,100.00000000000004,100.0
q_443,llama3-8b-8192,WITH,60.653065971263366,100.0
q_444,llama3-8b-8192,WITH,100.00000000000004,100.0
q_445,llama3-8b-8192,WITH,0.0,0.0
q_446,llama3-8b-8192,WITH,100.00000000000004,100.0
q_447,llama3-8b-8192,WITH,100.00000000000004,100.0
q_448,llama3-8b-8192,WITH,100.00000000000004,100.0
q_449,llama3-8b-8192,WITH,100.00000000000004,100.0
q_45,llama3-8b-8192,WITH,0.0,0.0
q_450,llama3-8b-8192,WITH,100.00000000000004,100.0
q_451,llama3-8b-8192,WITH,0.0,50.0
q_452,llama3-8b-8192,WITH,9.103526405546068,42.10526315789474
q_453,llama3-8b-8192,WITH,0.0,50.0
q_454,llama3-8b-8192,WITH,100.00000000000004,100.0
q_455,llama3-8b-8192,WITH,27.516060407455225,40.0
q_456,llama3-8b-8192,WITH,100.00000000000004,100.0
q_457,llama3-8b-8192,WITH,60.653065971263366,100.0
q_458,llama3-8b-8192,WITH,100.00000000000004,100.0
q_459,llama3-8b-8192,WITH,9.535414040914189,44.44444444444445
q_46,llama3-8b-8192,WITH,100.00000000000004,100.0
q_460,llama3-8b-8192,WITH,100.00000000000004,100.0
q_461,llama3-8b-8192,WITH,100.00000000000004,100.0
q_462,llama3-8b-8192,WITH,100.00000000000004,100.0
q_463,llama3-8b-8192,WITH,100.00000000000004,100.0
q_464,llama3-8b-8192,WITH,0.0,100.0
q_465,llama3-8b-8192,WITH,80.91067115702207,92.3076923076923
q_466,llama3-8b-8192,WITH,100.00000000000004,100.0
q_467,llama3-8b-8192,WITH,100.00000000000004,100.0
q_468,llama3-8b-8192,WITH,100.00000000000004,100.0
q_469,llama3-8b-8192,WITH,55.03212081491043,100.0
q_47,llama3-8b-8192,WITH,100.00000000000004,100.0
q_470,llama3-8b-8192,WITH,100.00000000000004,100.0
q_471,llama3-8b-8192,WITH,100.00000000000004,100.0
q_472,llama3-8b-8192,WITH,64.31870218238025,100.0
q_473,llama3-8b-8192,WITH,36.78794411714425,100.0
q_474,llama3-8b-8192,WITH,0.0,100.0
q_475,llama3-8b-8192,WITH,100.00000000000004,100.0
q_476,llama3-8b-8192,WITH,0.0,0.0
q_477,llama3-8b-8192,WITH,0.0,100.0
q_478,llama3-8b-8192,WITH,21.3643503198117,57.14285714285715
q_479,llama3-8b-8192,WITH,0.0,66.66666666666666
q_48,llama3-8b-8192,WITH,0.0,66.66666666666666
q_480,llama3-8b-8192,WITH,100.00000000000004,100.0
q_481,llama3-8b-8192,WITH,100.00000000000004,100.0
q_482,llama3-8b-8192,WITH,100.00000000000004,100.0
q_483,llama3-8b-8192,WITH,100.00000000000004,100.0
q_484,llama3-8b-8192,WITH,0.0,100.0
q_485,llama3-8b-8192,WITH,100.00000000000004,100.0
q_486,llama3-8b-8192,WITH,100.00000000000004,100.0
q_487,llama3-8b-8192,WITH,100.00000000000004,100.0
q_488,llama3-8b-8192,WITH,49.99999999999999,66.66666666666666
q_489,llama3-8b-8192,WITH,100.00000000000004,100.0
q_49,llama3-8b-8192,WITH,36.78794411714425,80.0
q_490,llama3-8b-8192,WITH,66.87403049764218,100.0
q_491,llama3-8b-8192,WITH,100.00000000000004,100.0
q_492,llama3-8b-8192,WITH,49.99999999999999,100.0
q_493,llama3-8b-8192,WITH,0.0,0.0
q_494,llama3-8b-8192,WITH,49.99999999999999,100.0
q_495,llama3-8b-8192,WITH,16.233395773754946,50.0
q_496,llama3-8b-8192,WITH,49.99999999999999,100.0
q_497,llama3-8b-8192,WITH,49.99999999999999,100.0
q_498,llama3-8b-8192,WITH,49.99999999999999,100.0
q_499,llama3-8b-8192,WITH,100.00000000000004,100.0
q_5,llama3-8b-8192,WITH,100.00000000000004,100.0
q_50,llama3-8b-8192,WITH,100.00000000000004,100.0
q_500,llama3-8b-8192,WITH,66.87403049764218,88.8888888888889
q_501,llama3-8b-8192,WITH,36.78794411714425,66.66666666666666
q_502,llama3-8b-8192,WITH,10.682175159905853,25.0
q_503,llama3-8b-8192,WITH,49.99999999999999,66.66666666666666
q_504,llama3-8b-8192,WITH,0.0,0.0
q_506,llama3-8b-8192,WITH,100.00000000000004,100.0
q_507,llama3-8b-8192,WITH,8.392229812593097,40.0
q_508,llama3-8b-8192,WITH,13.134549472120794,44.44444444444445
q_509,llama3-8b-8192,WITH,100.00000000000004,100.0
q_51,llama3-8b-8192,WITH,60.653065971263366,80.0
q_510,llama3-8b-8192,WITH,66.87403049764218,88.8888888888889
q_511,llama3-8b-8192,WITH,55.03212081491043,80.0
q_512,llama3-8b-8192,WITH,100.00000000000004,100.0
q_513,llama3-8b-8192,WITH,4.767707020457095,20.0
q_514,llama3-8b-8192,WITH,3.7477767366779213,16.666666666666668
q_515,llama3-8b-8192,WITH,26.269098944241577,58.82352941176471
q_516,llama3-8b-8192,WITH,0.0,0.0
q_517,llama3-8b-8192,WITH,0.0,40.0
q_518,llama3-8b-8192,WITH,4.767707020457095,15.384615384615383
q_519,llama3-8b-8192,WITH,49.99999999999999,66.66666666666666
q_52,llama3-8b-8192,WITH,100.00000000000004,100.0
q_520,llama3-8b-8192,WITH,100.00000000000004,100.0
q_521,llama3-8b-8192,WITH,100.00000000000004,100.0
q_522,llama3-8b-8192,WITH,100.00000000000004,100.0
q_523,llama3-8b-8192,WITH,100.00000000000004,100.0
q_524,llama3-8b-8192,WITH,100.00000000000004,100.0
q_525,llama3-8b-8192,WITH,100.00000000000004,100.0
q_526,llama3-8b-8192,WITH,30.213753973567677,66.66666666666666
q_527,llama3-8b-8192,WITH,100.00000000000004,100.0
q_528,llama3-8b-8192,WITH,100.00000000000004,100.0
q_529,llama3-8b-8192,WITH,100.00000000000004,100.0
q_53,llama3-8b-8192,WITH,100.00000000000004,100.0
q_530,llama3-8b-8192,WITH,0.0,0.0
q_531,llama3-8b-8192,WITH,100.00000000000004,100.0
q_532,llama3-8b-8192,WITH,49.99999999999999,100.0
q_533,llama3-8b-8192,WITH,100.00000000000004,100.0
q_534,llama3-8b-8192,WITH,100.00000000000004,100.0
q_535,llama3-8b-8192,WITH,84.64817248906144,100.0
q_536,llama3-8b-8192,WITH,100.00000000000004,100.0
q_537,llama3-8b-8192,WITH,0.0,66.66666666666666
q_538,llama3-8b-8192,WITH,0.0,0.0
q_539,llama3-8b-8192,WITH,0.0,0.0
q_54,llama3-8b-8192,WITH,100.00000000000004,100.0
q_540,llama3-8b-8192,WITH,17.747405280050266,54.54545454545454
q_541,llama3-8b-8192,WITH,100.00000000000004,100.0
q_542,llama3-8b-8192,WITH,100.00000000000004,100.0
q_543,llama3-8b-8192,WITH,27.516060407455225,66.66666666666666
q_544,llama3-8b-8192,WITH,4.9787068367863965,57.14285714285715
q_545,llama3-8b-8192,WITH,100.00000000000004,100.0
q_546,llama3-8b-8192,WITH,100.00000000000004,100.0
q_547,llama3-8b-8192,WITH,13.950796967929131,53.333333333333336
q_548,llama3-8b-8192,WITH,0.0,0.0
q_549,llama3-8b-8192,WITH,100.00000000000004,100.0
q_55,llama3-8b-8192,WITH,100.00000000000004,100.0
q_550,llama3-8b-8192,WITH,100.00000000000004,100.0
q_551,llama3-8b-8192,WITH,22.31301601484299,66.66666666666666
q_552,llama3-8b-8192,WITH,100.00000000000004,100.0
q_553,llama3-8b-8192,WITH,100.00000000000004,100.0
q_554,llama3-8b-8192,WITH,100.00000000000004,100.0
q_555,llama3-8b-8192,WITH,100.00000000000004,100.0
q_556,llama3-8b-8192,WITH,100.00000000000004,100.0
q_557,llama3-8b-8192,WITH,100.00000000000004,100.0
q_558,llama3-8b-8192,WITH,8.208499862389884,50.0
q_559,llama3-8b-8192,WITH,100.00000000000004,100.0
q_56,llama3-8b-8192,WITH,36.78794411714425,66.66666666666666
q_560,llama3-8b-8192,WITH,100.00000000000004,100.0
q_561,llama3-8b-8192,WITH,60.653065971263366,100.0
q_562,llama3-8b-8192,WITH,0.0,0.0
q_563,llama3-8b-8192,WITH,0.0,0.0
q_564,llama3-8b-8192,WITH,100.00000000000004,100.0
q_565,llama3-8b-8192,WITH,0.0,0.0
q_566,llama3-8b-8192,WITH,100.00000000000004,100.0
q_567,llama3-8b-8192,WITH,100.00000000000004,100.0
q_568,llama3-8b-8192,WITH,0.0,0.0
q_569,llama3-8b-8192,WITH,100.00000000000004,100.0
q_57,llama3-8b-8192,WITH,100.00000000000004,100.0
q_570,llama3-8b-8192,WITH,49.99999999999999,100.0
q_571,llama3-8b-8192,WITH,100.00000000000004,100.0
q_572,llama3-8b-8192,WITH,77.88007830714052,100.0
q_573,llama3-8b-8192,WITH,0.0,100.0
q_574,llama3-8b-8192,WITH,0.0,0.0
q_575,llama3-8b-8192,WITH,100.00000000000004,100.0
q_576,llama3-8b-8192,WITH,100.00000000000004,100.0
q_577,llama3-8b-8192,WITH,0.0,100.0
q_578,llama3-8b-8192,WITH,0.0,0.0
q_579,llama3-8b-8192,WITH,0.0,0.0
q_58,llama3-8b-8192,WITH,59.460355750136046,100.0
q_580,llama3-8b-8192,WITH,0.0,66.66666666666666
q_581,llama3-8b-8192,WITH,27.516060407455225,40.0
q_582,llama3-8b-8192,WITH,100.00000000000004,100.0
q_583,llama3-8b-8192,WITH,100.00000000000004,100.0
q_584,llama3-8b-8192,WITH,0.0,100.0
q_585,llama3-8b-8192,WITH,0.0,100.0
q_586,llama3-8b-8192,WITH,0.0,0.0
q_587,llama3-8b-8192,WITH,0.0,0.0
q_588,llama3-8b-8192,WITH,100.00000000000004,100.0
q_589,llama3-8b-8192,WITH,100.00000000000004,100.0
q_59,llama3-8b-8192,WITH,0.0,0.0
q_590,llama3-8b-8192,WITH,100.00000000000004,100.0
q_591,llama3-8b-8192,WITH,100.00000000000004,100.0
q_592,llama3-8b-8192,WITH,8.116697886877475,28.57142857142857
q_593,llama3-8b-8192,WITH,100.00000000000004,100.0
q_594,llama3-8b-8192,WITH,0.0,0.0
q_595,llama3-8b-8192,WITH,100.00000000000004,100.0
q_596,llama3-8b-8192,WITH,100.00000000000004,100.0
q_597,llama3-8b-8192,WITH,100.00000000000004,100.0
q_598,llama3-8b-8192,WITH,100.00000000000004,100.0
q_599,llama3-8b-8192,WITH,0.0,0.0
q_6,llama3-8b-8192,WITH,0.0,50.0
q_60,llama3-8b-8192,WITH,49.99999999999999,100.0
q_600,llama3-8b-8192,WITH,100.00000000000004,100.0
q_601,llama3-8b-8192,WITH,100.00000000000004,100.0
q_602,llama3-8b-8192,WITH,100.00000000000004,100.0
q_603,llama3-8b-8192,WITH,0.0,0.0
q_604,llama3-8b-8192,WITH,100.00000000000004,100.0
q_605,llama3-8b-8192,WITH,59.460355750136046,100.0
q_606,llama3-8b-8192,WITH,100.00000000000004,100.0
q_607,llama3-8b-8192,WITH,100.00000000000004,100.0
q_608,llama3-8b-8192,WITH,0.0,0.0
q_609,llama3-8b-8192,WITH,36.78794411714425,100.0
q_61,llama3-8b-8192,WITH,100.00000000000004,100.0
q_610,llama3-8b-8192,WITH,66.87403049764218,88.8888888888889
q_611,llama3-8b-8192,WITH,49.99999999999999,100.0
q_612,llama3-8b-8192,WITH,0.0,50.0
q_613,llama3-8b-8192,WITH,61.47881529512643,83.33333333333333
q_614,llama3-8b-8192,WITH,0.0,0.0
q_615,llama3-8b-8192,WITH,29.84745896009822,61.53846153846153
q_616,llama3-8b-8192,WITH,100.00000000000004,100.0
q_617,llama3-8b-8192,WITH,100.00000000000004,100.0
q_618,llama3-8b-8192,WITH,61.47881529512643,83.33333333333333
q_619,llama3-8b-8192,WITH,100.00000000000004,100.0
q_62,llama3-8b-8192,WITH,100.00000000000004,100.0
q_620,llama3-8b-8192,WITH,0.0,50.0
q_621,llama3-8b-8192,WITH,100.00000000000004,100.0
q_622,llama3-8b-8192,WITH,13.533528323661276,66.66666666666666
q_623,llama3-8b-8192,WITH,100.00000000000004,100.0
q_624,llama3-8b-8192,WITH,100.00000000000004,100.0
q_625,llama3-8b-8192,WITH,30.213753973567677,66.66666666666666
q_626,llama3-8b-8192,WITH,100.00000000000004,100.0
q_627,llama3-8b-8192,WITH,0.0,0.0
q_628,llama3-8b-8192,WITH,0.0,0.0
q_629,llama3-8b-8192,WITH,100.00000000000004,100.0
q_63,llama3-8b-8192,WITH,0.0,0.0
q_630,llama3-8b-8192,WITH,100.00000000000004,100.0
q_631,llama3-8b-8192,WITH,100.00000000000004,100.0
q_632,llama3-8b-8192,WITH,100.00000000000004,100.0
q_633,llama3-8b-8192,WITH,0.673794699908547,50.0
q_634,llama3-8b-8192,WITH,11.044795567078939,40.0
q_635,llama3-8b-8192,WITH,100.00000000000004,100.0
q_636,llama3-8b-8192,WITH,55.03212081491043,100.0
q_637,llama3-8b-8192,WITH,55.03212081491043,100.0
q_638,llama3-8b-8192,WITH,0.0,0.0
q_639,llama3-8b-8192,WITH,20.556680845025987,66.66666666666666
q_64,llama3-8b-8192,WITH,100.00000000000004,100.0
q_640,llama3-8b-8192,WITH,20.556680845025987,66.66666666666666
q_641,llama3-8b-8192,WITH,100.00000000000004,100.0
q_642,llama3-8b-8192,WITH,100.00000000000004,100.0
q_643,llama3-8b-8192,WITH,100.00000000000004,100.0
q_644,llama3-8b-8192,WITH,100.00000000000004,100.0
q_645,llama3-8b-8192,WITH,59.460355750136046,85.71428571428571
q_646,llama3-8b-8192,WITH,0.0,0.0
q_647,llama3-8b-8192,WITH,100.00000000000004,100.0
q_648,llama3-8b-8192,WITH,55.03212081491043,80.0
q_649,llama3-8b-8192,WITH,100.00000000000004,100.0
q_65,llama3-8b-8192,WITH,100.00000000000004,100.0
q_650,llama3-8b-8192,WITH,100.00000000000004,100.0
q_651,llama3-8b-8192,WITH,100.00000000000004,100.0
q_652,llama3-8b-8192,WITH,55.03212081491043,80.0
q_653,llama3-8b-8192,WITH,0.0,0.0
q_654,llama3-8b-8192,WITH,100.00000000000004,100.0
q_655,llama3-8b-8192,WITH,100.00000000000004,100.0
q_656,llama3-8b-8192,WITH,0.0,40.0
q_657,llama3-8b-8192,WITH,100.00000000000004,100.0
q_658,llama3-8b-8192,WITH,100.00000000000004,100.0
q_659,llama3-8b-8192,WITH,0.0,0.0
q_66,llama3-8b-8192,WITH,100.00000000000004,100.0
q_660,llama3-8b-8192,WITH,0.0,0.0
q_661,llama3-8b-8192,WITH,0.0,0.0
q_662,llama3-8b-8192,WITH,100.00000000000004,100.0
q_663,llama3-8b-8192,WITH,84.64817248906144,92.3076923076923
q_664,llama3-8b-8192,WITH,100.00000000000004,100.0
q_665,llama3-8b-8192,WITH,100.00000000000004,100.0
q_666,llama3-8b-8192,WITH,0.0,28.57142857142857
q_667,llama3-8b-8192,WITH,100.00000000000004,100.0
q_668,llama3-8b-8192,WITH,55.03212081491043,100.0
q_669,llama3-8b-8192,WITH,100.00000000000004,100.0
q_67,llama3-8b-8192,WITH,59.460355750136046,85.71428571428571
q_670,llama3-8b-8192,WITH,100.00000000000004,100.0
q_671,llama3-8b-8192,WITH,0.0,0.0
q_672,llama3-8b-8192,WITH,55.03212081491043,100.0
q_673,llama3-8b-8192,WITH,100.00000000000004,100.0
q_674,llama3-8b-8192,WITH,100.00000000000004,100.0
q_675,llama3-8b-8192,WITH,0.0,0.0
q_676,llama3-8b-8192,WITH,55.03212081491043,100.0
q_677,llama3-8b-8192,WITH,55.03212081491043,100.0
q_678,llama3-8b-8192,WITH,49.99999999999999,66.66666666666666
q_679,llama3-8b-8192,WITH,60.653065971263366,100.0
q_68,llama3-8b-8192,WITH,100.00000000000004,100.0
q_680,llama3-8b-8192,WITH,100.00000000000004,100.0
q_681,llama3-8b-8192,WITH,100.00000000000004,100.0
q_682,llama3-8b-8192,WITH,0.0,66.66666666666666
q_683,llama3-8b-8192,WITH,100.00000000000004,100.0
q_684,llama3-8b-8192,WITH,100.00000000000004,100.0
q_685,llama3-8b-8192,WITH,55.03212081491043,80.0
q_686,llama3-8b-8192,WITH,49.99999999999999,100.0
q_687,llama3-8b-8192,WITH,1.9146030690102513,13.333333333333334
q_688,llama3-8b-8192,WITH,55.03212081491043,80.0
q_689,llama3-8b-8192,WITH,0.0,0.0
q_69,llama3-8b-8192,WITH,31.947155212313625,66.66666666666666
q_690,llama3-8b-8192,WITH,0.0,66.66666666666666
q_691,llama3-8b-8192,WITH,100.00000000000004,100.0
q_692,llama3-8b-8192,WITH,3.7477767366779213,18.181818181818183
q_693,llama3-8b-8192,WITH,5.166045454134253,26.66666666666667
q_694,llama3-8b-8192,WITH,100.00000000000004,100.0
q_695,llama3-8b-8192,WITH,1.2557690800697192,7.407407407407408
q_696,llama3-8b-8192,WITH,100.00000000000004,100.0
q_697,llama3-8b-8192,WITH,30.213753973567677,76.92307692307693
q_698,llama3-8b-8192,WITH,100.00000000000004,100.0
q_699,llama3-8b-8192,WITH,0.0,0.0
q_7,llama3-8b-8192,WITH,100.00000000000004,100.0
q_70,llama3-8b-8192,WITH,0.0,14.285714285714288
q_700,llama3-8b-8192,WITH,100.00000000000004,100.0
q_701,llama3-8b-8192,WITH,100.00000000000004,100.0
q_702,llama3-8b-8192,WITH,0.0,0.0
q_703,llama3-8b-8192,WITH,100.00000000000004,100.0
q_704,llama3-8b-8192,WITH,100.00000000000004,100.0
q_705,llama3-8b-8192,WITH,60.653065971263366,100.0
q_706,llama3-8b-8192,WITH,8.116697886877475,40.0
q_707,llama3-8b-8192,WITH,0.0,0.0
q_708,llama3-8b-8192,WITH,0.0,0.0
q_709,llama3-8b-8192,WITH,27.516060407455225,66.66666666666666
q_71,llama3-8b-8192,WITH,100.00000000000004,100.0
q_710,llama3-8b-8192,WITH,100.00000000000004,100.0
q_711,llama3-8b-8192,WITH,21.3643503198117,60.0
q_712,llama3-8b-8192,WITH,2.627961710408444,13.333333333333334
q_713,llama3-8b-8192,WITH,0.0,0.0
q_714,llama3-8b-8192,WITH,0.0,40.0
q_715,llama3-8b-8192,WITH,100.00000000000004,100.0
q_716,llama3-8b-8192,WITH,100.00000000000004,100.0
q_717,llama3-8b-8192,WITH,100.00000000000004,100.0
q_718,llama3-8b-8192,WITH,100.00000000000004,100.0
q_719,llama3-8b-8192,WITH,100.00000000000004,100.0
q_72,llama3-8b-8192,WITH,49.99999999999999,100.0
q_720,llama3-8b-8192,WITH,100.00000000000004,100.0
q_721,llama3-8b-8192,WITH,0.0,100.0
q_722,llama3-8b-8192,WITH,100.00000000000004,100.0
q_723,llama3-8b-8192,WITH,49.99999999999999,100.0
q_724,llama3-8b-8192,WITH,23.588448106534212,50.0
q_725,llama3-8b-8192,WITH,57.3753420737433,77.77777777777779
q_726,llama3-8b-8192,WITH,10.682175159905853,33.333333333333336
q_727,llama3-8b-8192,WITH,100.00000000000004,100.0
q_728,llama3-8b-8192,WITH,100.00000000000004,100.0
q_729,llama3-8b-8192,WITH,0.0,100.0
q_73,llama3-8b-8192,WITH,0.0,0.0
q_730,llama3-8b-8192,WITH,100.00000000000004,100.0
q_731,llama3-8b-8192,WITH,16.233395773754946,50.0
q_732,llama3-8b-8192,WITH,2.775638555723182,20.0
q_733,llama3-8b-8192,WITH,100.00000000000004,100.0
q_734,llama3-8b-8192,WITH,100.00000000000004,100.0
q_735,llama3-8b-8192,WITH,100.00000000000004,100.0
q_736,llama3-8b-8192,WITH,100.00000000000004,100.0
q_737,llama3-8b-8192,WITH,100.00000000000004,100.0
q_738,llama3-8b-8192,WITH,100.00000000000004,100.0
q_739,llama3-8b-8192,WITH,59.460355750136046,100.0
q_74,llama3-8b-8192,WITH,100.00000000000004,100.0
q_740,llama3-8b-8192,WITH,100.00000000000004,100.0
q_741,llama3-8b-8192,WITH,21.3643503198117,57.14285714285715
q_742,llama3-8b-8192,WITH,100.00000000000004,100.0
q_743,llama3-8b-8192,WITH,0.0,0.0
q_744,llama3-8b-8192,WITH,66.87403049764218,88.8888888888889
q_745,llama3-8b-8192,WITH,60.653065971263366,100.0
q_746,llama3-8b-8192,WITH,100.00000000000004,100.0
q_747,llama3-8b-8192,WITH,100.00000000000004,100.0
q_748,llama3-8b-8192,WITH,100.00000000000004,100.0
q_749,llama3-8b-8192,WITH,100.00000000000004,100.0
q_75,llama3-8b-8192,WITH,100.00000000000004,100.0
q_750,llama3-8b-8192,WITH,0.0,0.0
q_751,llama3-8b-8192,WITH,20.556680845025987,54.54545454545454
q_753,llama3-8b-8192,WITH,63.894310424627285,82.35294117647058
q_754,llama3-8b-8192,WITH,0.0,0.0
q_755,llama3-8b-8192,WITH,36.78794411714425,66.66666666666666
q_756,llama3-8b-8192,WITH,100.00000000000004,100.0
q_757,llama3-8b-8192,WITH,100.00000000000004,100.0
q_758,llama3-8b-8192,WITH,100.00000000000004,100.0
q_759,llama3-8b-8192,WITH,0.0,0.0
q_76,llama3-8b-8192,WITH,75.98356856515926,100.0
q_760,llama3-8b-8192,WITH,100.00000000000004,100.0
q_761,llama3-8b-8192,WITH,100.00000000000004,100.0
q_762,llama3-8b-8192,WITH,27.516060407455225,50.0
q_763,llama3-8b-8192,WITH,100.00000000000004,100.0
q_764,llama3-8b-8192,WITH,100.00000000000004,100.0
q_765,llama3-8b-8192,WITH,59.460355750136046,85.71428571428571
q_766,llama3-8b-8192,WITH,100.00000000000004,100.0
q_767,llama3-8b-8192,WITH,100.00000000000004,100.0
q_768,llama3-8b-8192,WITH,100.00000000000004,100.0
q_769,llama3-8b-8192,WITH,0.0,0.0
q_77,llama3-8b-8192,WITH,100.00000000000004,100.0
q_770,llama3-8b-8192,WITH,4.9787068367863965,40.0
q_771,llama3-8b-8192,WITH,10.682175159905853,22.222222222222225
q_772,llama3-8b-8192,WITH,1.8315638888734187,50.0
q_773,llama3-8b-8192,WITH,11.044795567078939,40.0
q_774,llama3-8b-8192,WITH,13.134549472120794,44.44444444444445
q_775,llama3-8b-8192,WITH,59.460355750136046,85.71428571428571
q_776,llama3-8b-8192,WITH,23.462350320528007,58.82352941176471
q_777,llama3-8b-8192,WITH,13.134549472120794,44.44444444444445
q_778,llama3-8b-8192,WITH,1.8315638888734187,50.0
q_779,llama3-8b-8192,WITH,100.00000000000004,100.0
q_78,llama3-8b-8192,WITH,100.00000000000004,100.0
q_780,llama3-8b-8192,WITH,68.037493331712,83.33333333333333
q_781,llama3-8b-8192,WITH,100.00000000000004,100.0
q_782,llama3-8b-8192,WITH,44.63236137853328,66.66666666666666
q_783,llama3-8b-8192,WITH,28.917849332325716,61.53846153846153
q_784,llama3-8b-8192,WITH,16.1692143534558,38.46153846153846
q_785,llama3-8b-8192,WITH,60.653065971263366,100.0
q_786,llama3-8b-8192,WITH,100.00000000000004,100.0
q_787,llama3-8b-8192,WITH,100.00000000000004,100.0
q_788,llama3-8b-8192,WITH,100.00000000000004,100.0
q_789,llama3-8b-8192,WITH,10.682175159905853,50.0
q_79,llama3-8b-8192,WITH,0.0,100.0
q_790,llama3-8b-8192,WITH,100.00000000000004,100.0
q_791,llama3-8b-8192,WITH,100.00000000000004,100.0
q_792,llama3-8b-8192,WITH,100.00000000000004,100.0
q_793,llama3-8b-8192,WITH,100.00000000000004,100.0
q_794,llama3-8b-8192,WITH,0.0,0.0
q_795,llama3-8b-8192,WITH,100.00000000000004,100.0
q_796,llama3-8b-8192,WITH,100.00000000000004,100.0
q_797,llama3-8b-8192,WITH,100.00000000000004,100.0
q_798,llama3-8b-8192,WITH,100.00000000000004,100.0
q_799,llama3-8b-8192,WITH,10.682175159905853,33.333333333333336
q_8,llama3-8b-8192,WITH,0.0,0.0
q_80,llama3-8b-8192,WITH,100.00000000000004,100.0
q_800,llama3-8b-8192,WITH,0.0,0.0
q_801,llama3-8b-8192,WITH,0.0,0.0
q_802,llama3-8b-8192,WITH,100.00000000000004,100.0
q_803,llama3-8b-8192,WITH,100.00000000000004,100.0
q_804,llama3-8b-8192,WITH,100.00000000000004,100.0
q_805,llama3-8b-8192,WITH,100.00000000000004,100.0
q_806,llama3-8b-8192,WITH,100.00000000000004,100.0
q_807,llama3-8b-8192,WITH,49.99999999999999,66.66666666666666
q_808,llama3-8b-8192,WITH,36.78794411714425,66.66666666666666
q_809,llama3-8b-8192,WITH,100.00000000000004,100.0
q_81,llama3-8b-8192,WITH,100.00000000000004,100.0
q_810,llama3-8b-8192,WITH,100.00000000000004,100.0
q_811,llama3-8b-8192,WITH,0.0,0.0
q_812,llama3-8b-8192,WITH,100.00000000000004,100.0
q_813,llama3-8b-8192,WITH,0.0,0.0
q_814,llama3-8b-8192,WITH,0.0,0.0
q_815,llama3-8b-8192,WITH,100.00000000000004,100.0
q_816,llama3-8b-8192,WITH,100.00000000000004,100.0
q_817,llama3-8b-8192,WITH,100.00000000000004,100.0
q_818,llama3-8b-8192,WITH,100.00000000000004,100.0
q_819,llama3-8b-8192,WITH,0.0,0.0
q_82,llama3-8b-8192,WITH,100.00000000000004,100.0
q_820,llama3-8b-8192,WITH,100.00000000000004,100.0
q_821,llama-3.1-8b-instant,WITH,100.00000000000004,100.0
q_822,llama-3.1-8b-instant,WITH,100.00000000000004,100.0
q_823,llama-3.1-8b-instant,WITH,55.03212081491043,80.0
q_824,llama-3.1-8b-instant,WITH,49.99999999999999,66.66666666666666
q_825,llama-3.1-8b-instant,WITH,55.03212081491043,80.0
q_826,llama-3.1-8b-instant,WITH,49.99999999999999,66.66666666666666
q_827,llama-3.1-8b-instant,WITH,100.00000000000004,100.0
q_828,llama-3.1-8b-instant,WITH,100.00000000000004,100.0
q_829,llama-3.1-8b-instant,WITH,100.00000000000004,100.0
q_83,llama-3.1-8b-instant,WITH,100.00000000000004,100.0
q_830,llama-3.1-8b-instant,WITH,100.00000000000004,100.0
q_831,llama-3.1-8b-instant,WITH,100.00000000000004,100.0
q_832,llama-3.1-8b-instant,WITH,23.462350320528007,47.05882352941176
q_833,llama-3.1-8b-instant,WITH,100.00000000000004,100.0
q_834,llama-3.1-8b-instant,WITH,66.87403049764218,100.0
q_835,llama-3.1-8b-instant,WITH,100.00000000000004,100.0
q_836,llama-3.1-8b-instant,WITH,71.65313105737896,100.0
q_837,llama-3.1-8b-instant,WITH,100.00000000000004,100.0
q_838,llama-3.1-8b-instant,WITH,27.516060407455225,66.66666666666666
q_839,llama-3.1-8b-instant,WITH,100.00000000000004,100.0
q_84,llama-3.1-8b-instant,WITH,39.43223765116288,40.0
q_840,llama-3.1-8b-instant,WITH,100.00000000000004,100.0
q_841,llama-3.1-8b-instant,WITH,50.81327481546147,88.8888888888889
q_842,llama-3.1-8b-instant,WITH,100.00000000000004,100.0
q_843,llama-3.1-8b-instant,WITH,4.196114906296549,18.181818181818183
q_844,llama-3.1-8b-instant,WITH,100.00000000000004,100.0
q_845,llama-3.1-8b-instant,WITH,100.00000000000004,100.0
q_846,llama-3.1-8b-instant,WITH,100.00000000000004,100.0
q_847,llama-3.1-8b-instant,WITH,100.00000000000004,100.0
q_848,llama-3.1-8b-instant,WITH,15.97357760615681,33.33333333333333
q_849,llama-3.1-8b-instant,WITH,100.00000000000004,100.0
q_85,llama-3.1-8b-instant,WITH,39.76353643835254,74.99999999999999
q_850,llama-3.1-8b-instant,WITH,100.00000000000004,100.0
q_851,llama-3.1-8b-instant,WITH,100.00000000000004,100.0
q_852,llama-3.1-8b-instant,WITH,100.00000000000004,100.0
q_853,llama-3.1-8b-instant,WITH,100.00000000000004,100.0
q_854,llama-3.1-8b-instant,WITH,100.00000000000004,100.0
q_855,llama-3.1-8b-instant,WITH,100.00000000000004,100.0
q_856,llama-3.1-8b-instant,WITH,11.044795567078939,50.0
q_857,llama-3.1-8b-instant,WITH,4.456882760699064,30.769230769230766
q_858,llama-3.1-8b-instant,WITH,0.0,0.0
q_859,llama-3.1-8b-instant,WITH,100.00000000000004,100.0
q_86,llama-3.1-8b-instant,WITH,100.00000000000004,100.0
q_860,llama-3.1-8b-instant,WITH,100.00000000000004,100.0
q_861,llama-3.1-8b-instant,WITH,100.00000000000004,100.0
q_862,llama-3.1-8b-instant,WITH,100.00000000000004,100.0
q_863,llama-3.1-8b-instant,WITH,59.460355750136046,88.8888888888889
q_864,llama-3.1-8b-instant,WITH,100.00000000000004,100.0
q_865,llama-3.1-8b-instant,WITH,49.99999999999999,66.66666666666666
q_866,llama-3.1-8b-instant,WITH,100.00000000000004,100.0
q_867,llama-3.1-8b-instant,WITH,100.00000000000004,100.0
q_868,llama-3.1-8b-instant,WITH,100.00000000000004,100.0
q_869,llama-3.1-8b-instant,WITH,100.00000000000004,100.0
q_87,llama-3.1-8b-instant,WITH,100.00000000000004,100.0
q_870,llama-3.1-8b-instant,WITH,60.653065971263366,100.0
q_871,llama-3.1-8b-instant,WITH,100.00000000000004,100.0
q_872,llama-3.1-8b-instant,WITH,100.00000000000004,100.0
q_873,llama-3.1-8b-instant,WITH,0.0,50.0
q_874,llama-3.1-8b-instant,WITH,55.03212081491043,80.0
q_875,llama-3.1-8b-instant,WITH,0.0,0.0
q_876,gemma2-9b-it,WITH,100.00000000000004,100.0
q_877,gemma2-9b-it,WITH,100.00000000000004,100.0
q_878,gemma2-9b-it,WITH,0.0,0.0
q_879,gemma2-9b-it,WITH,36.78794411714425,66.66666666666666
q_88,gemma2-9b-it,WITH,0.0,0.0
q_880,gemma2-9b-it,WITH,0.0,0.0
q_881,gemma2-9b-it,WITH,100.00000000000004,100.0
q_882,gemma2-9b-it,WITH,100.00000000000004,100.0
q_883,gemma2-9b-it,WITH,0.0,0.0
q_884,gemma2-9b-it,WITH,0.0,0.0
q_885,gemma2-9b-it,WITH,100.00000000000004,100.0
q_886,gemma2-9b-it,WITH,100.00000000000004,100.0
q_887,gemma2-9b-it,WITH,100.00000000000004,100.0
q_888,gemma2-9b-it,WITH,100.00000000000004,100.0
q_889,gemma2-9b-it,WITH,55.03212081491043,80.0
q_89,gemma2-9b-it,WITH,100.00000000000004,100.0
q_890,gemma2-9b-it,WITH,100.00000000000004,100.0
q_891,gemma2-9b-it,WITH,100.00000000000004,100.0
q_892,gemma2-9b-it,WITH,4.9787068367863965,40.0
q_893,gemma2-9b-it,WITH,36.78794411714425,66.66666666666666
q_894,gemma2-9b-it,WITH,0.0,0.0
q_895,gemma2-9b-it,WITH,30.326532985631665,40.0
q_896,gemma2-9b-it,WITH,58.73949094699213,92.3076923076923
q_897,gemma2-9b-it,WITH,100.00000000000004,100.0
q_898,gemma2-9b-it,WITH,1.8315638888734187,33.333333333333336
q_899,gemma2-9b-it,WITH,100.00000000000004,100.0
q_9,gemma2-9b-it,WITH,100.00000000000004,100.0
q_90,gemma2-9b-it,WITH,4.9787068367863965,50.0
q_900,gemma2-9b-it,WITH,100.00000000000004,100.0
q_901,gemma2-9b-it,WITH,100.00000000000004,100.0
q_902,gemma2-9b-it,WITH,0.0,0.0
q_903,gemma2-9b-it,WITH,0.0,0.0
q_904,gemma2-9b-it,WITH,13.533528323661276,50.0
q_905,gemma2-9b-it,WITH,36.78794411714425,66.66666666666666
q_906,gemma2-9b-it,WITH,100.00000000000004,100.0
q_907,gemma2-9b-it,WITH,100.00000000000004,100.0
q_908,gemma2-9b-it,WITH,100.00000000000004,100.0
q_909,gemma2-9b-it,WITH,100.00000000000004,100.0
q_91,gemma2-9b-it,WITH,15.97357760615681,33.33333333333333
q_910,gemma2-9b-it,WITH,80.07374029168083,100.0
q_911,gemma2-9b-it,WITH,100.00000000000004,100.0
q_912,gemma2-9b-it,WITH,0.0,0.0
q_913,gemma2-9b-it,WITH,55.03212081491043,100.0
q_914,gemma2-9b-it,WITH,90.48374180359599,94.11764705882352
q_915,gemma2-9b-it,WITH,100.00000000000004,100.0
q_916,gemma2-9b-it,WITH,100.00000000000004,100.0
q_917,meta-llama/llama-4-maverick-17b-128e-instruct,WITH,100.00000000000004,100.0
q_918,meta-llama/llama-4-maverick-17b-128e-instruct,WITH,100.00000000000004,100.0
q_919,meta-llama/llama-4-maverick-17b-128e-instruct,WITH,57.067457770559976,87.50000000000001
q_92,meta-llama/llama-4-maverick-17b-128e-instruct,WITH,100.00000000000004,100.0
q_920,meta-llama/llama-4-maverick-17b-128e-instruct,WITH,100.00000000000004,100.0
q_921,meta-llama/llama-4-maverick-17b-128e-instruct,WITH,100.00000000000004,100.0
q_922,meta-llama/llama-4-maverick-17b-128e-instruct,WITH,100.00000000000004,100.0
q_923,meta-llama/llama-4-maverick-17b-128e-instruct,WITH,100.00000000000004,100.0
q_924,meta-llama/llama-4-maverick-17b-128e-instruct,WITH,100.00000000000004,100.0
q_925,meta-llama/llama-4-maverick-17b-128e-instruct,WITH,100.00000000000004,100.0
q_926,meta-llama/llama-4-maverick-17b-128e-instruct,WITH,100.00000000000004,100.0
q_927,meta-llama/llama-4-maverick-17b-128e-instruct,WITH,100.00000000000004,100.0
q_928,meta-llama/llama-4-maverick-17b-128e-instruct,WITH,55.03212081491043,100.0
q_929,meta-llama/llama-4-maverick-17b-128e-instruct,WITH,0.0,0.0
q_93,meta-llama/llama-4-maverick-17b-128e-instruct,WITH,59.460355750136046,85.71428571428571
q_930,meta-llama/llama-4-maverick-17b-128e-instruct,WITH,49.99999999999999,66.66666666666666
q_931,meta-llama/llama-4-maverick-17b-128e-instruct,WITH,0.0,0.0
q_932,meta-llama/llama-4-maverick-17b-128e-instruct,WITH,36.78794411714425,66.66666666666666
q_933,meta-llama/llama-4-maverick-17b-128e-instruct,WITH,49.99999999999999,66.66666666666666
q_934,meta-llama/llama-4-maverick-17b-128e-instruct,WITH,36.78794411714425,100.0
q_935,meta-llama/llama-4-maverick-17b-128e-instruct,WITH,100.00000000000004,100.0
q_936,meta-llama/llama-4-maverick-17b-128e-instruct,WITH,100.00000000000004,100.0
q_937,meta-llama/llama-4-maverick-17b-128e-instruct,WITH,100.00000000000004,100.0
q_938,meta-llama/llama-4-maverick-17b-128e-instruct,WITH,100.00000000000004,100.0
q_939,meta-llama/llama-4-maverick-17b-128e-instruct,WITH,0.0,0.0
q_94,meta-llama/llama-4-maverick-17b-128e-instruct,WITH,100.00000000000004,100.0
q_940,meta-llama/llama-4-maverick-17b-128e-instruct,WITH,36.78794411714425,66.66666666666666
q_941,meta-llama/llama-4-maverick-17b-128e-instruct,WITH,100.00000000000004,100.0
q_942,meta-llama/llama-4-maverick-17b-128e-instruct,WITH,100.00000000000004,100.0
q_943,meta-llama/llama-4-maverick-17b-128e-instruct,WITH,100.00000000000004,100.0
q_944,meta-llama/llama-4-maverick-17b-128e-instruct,WITH,100.00000000000004,100.0
q_945,meta-llama/llama-4-maverick-17b-128e-instruct,WITH,49.99999999999999,66.66666666666666
q_946,meta-llama/llama-4-maverick-17b-128e-instruct,WITH,100.00000000000004,100.0
q_947,meta-llama/llama-4-maverick-17b-128e-instruct,WITH,13.533528323661276,50.0
q_948,meta-llama/llama-4-maverick-17b-128e-instruct,WITH,100.00000000000004,100.0
q_949,meta-llama/llama-4-maverick-17b-128e-instruct,WITH,0.0,0.0
q_95,meta-llama/llama-4-maverick-17b-128e-instruct,WITH,100.00000000000004,100.0
q_950,meta-llama/llama-4-maverick-17b-128e-instruct,WITH,100.00000000000004,100.0
q_951,meta-llama/llama-4-maverick-17b-128e-instruct,WITH,100.00000000000004,100.0
q_952,meta-llama/llama-4-maverick-17b-128e-instruct,WITH,0.0,0.0
q_953,meta-llama/llama-4-maverick-17b-128e-instruct,WITH,100.00000000000004,100.0
q_954,meta-llama/llama-4-maverick-17b-128e-instruct,WITH,100.00000000000004,100.0
q_955,meta-llama/llama-4-maverick-17b-128e-instruct,WITH,100.00000000000004,100.0
q_956,meta-llama/llama-4-maverick-17b-128e-instruct,WITH,0.0,0.0
q_957,meta-llama/llama-4-maverick-17b-128e-instruct,WITH,0.0,0.0
q_958,meta-llama/llama-4-maverick-17b-128e-instruct,WITH,100.00000000000004,100.0
q_959,meta-llama/llama-4-maverick-17b-128e-instruct,WITH,0.0,0.0
q_96,meta-llama/llama-4-maverick-17b-128e-instruct,WITH,49.99999999999999,50.0
q_960,meta-llama/llama-4-maverick-17b-128e-instruct,WITH,100.00000000000004,100.0
q_961,meta-llama/llama-4-maverick-17b-128e-instruct,WITH,100.00000000000004,100.0
q_962,meta-llama/llama-4-maverick-17b-128e-instruct,WITH,36.78794411714425,100.0
q_963,meta-llama/llama-4-maverick-17b-128e-instruct,WITH,100.00000000000004,100.0
q_964,meta-llama/llama-4-maverick-17b-128e-instruct,WITH,100.00000000000004,100.0
q_965,meta-llama/llama-4-maverick-17b-128e-instruct,WITH,100.00000000000004,100.0
q_966,meta-llama/llama-4-maverick-17b-128e-instruct,WITH,0.0,0.0
q_967,meta-llama/llama-4-maverick-17b-128e-instruct,WITH,0.0,0.0
q_968,meta-llama/llama-4-maverick-17b-128e-instruct,WITH,100.00000000000004,100.0
q_969,meta-llama/llama-4-maverick-17b-128e-instruct,WITH,2.153749340017052,11.11111111111111
q_97,meta-llama/llama-4-maverick-17b-128e-instruct,WITH,100.00000000000004,100.0
q_970,meta-llama/llama-4-maverick-17b-128e-instruct,WITH,1.123099644603982,6.666666666666667
q_971,meta-llama/llama-4-maverick-17b-128e-instruct,WITH,0.0,0.0
q_972,meta-llama/llama-4-maverick-17b-128e-instruct,WITH,100.00000000000004,100.0
q_973,meta-llama/llama-4-maverick-17b-128e-instruct,WITH,36.78794411714425,88.8888888888889
q_974,meta-llama/llama-4-maverick-17b-128e-instruct,WITH,0.0,0.0
q_975,meta-llama/llama-4-maverick-17b-128e-instruct,WITH,49.99999999999999,40.0
q_976,meta-llama/llama-4-maverick-17b-128e-instruct,WITH,36.78794411714425,100.0
q_977,meta-llama/llama-4-maverick-17b-128e-instruct,WITH,6.567274736060395,28.57142857142857
q_978,meta-llama/llama-4-maverick-17b-128e-instruct,WITH,0.0,0.0
q_979,meta-llama/llama-4-maverick-17b-128e-instruct,WITH,0.0,0.0
q_98,meta-llama/llama-4-maverick-17b-128e-instruct,WITH,100.00000000000004,100.0
q_980,meta-llama/llama-4-maverick-17b-128e-instruct,WITH,66.87403049764218,90.9090909090909
q_981,meta-llama/llama-4-maverick-17b-128e-instruct,WITH,29.84745896009822,71.42857142857143
q_982,meta-llama/llama-4-maverick-17b-128e-instruct,WITH,100.00000000000004,100.0
q_983,meta-llama/llama-4-maverick-17b-128e-instruct,WITH,100.00000000000004,100.0
q_984,meta-llama/llama-4-maverick-17b-128e-instruct,WITH,100.00000000000004,100.0
q_985,meta-llama/llama-4-maverick-17b-128e-instruct,WITH,100.00000000000004,100.0
q_986,meta-llama/llama-4-maverick-17b-128e-instruct,WITH,100.00000000000004,100.0
q_987,meta-llama/llama-4-maverick-17b-128e-instruct,WITH,100.00000000000004,100.0
q_988,meta-llama/llama-4-maverick-17b-128e-instruct,WITH,100.00000000000004,100.0
q_989,meta-llama/llama-4-maverick-17b-128e-instruct,WITH,0.0,0.0
q_99,meta-llama/llama-4-maverick-17b-128e-instruct,WITH,49.99999999999999,66.66666666666666
q_990,meta-llama/llama-4-maverick-17b-128e-instruct,WITH,100.00000000000004,100.0
q_991,meta-llama/llama-4-maverick-17b-128e-instruct,WITH,49.99999999999999,100.0
q_992,meta-llama/llama-4-maverick-17b-128e-instruct,WITH,100.00000000000004,100.0
q_993,meta-llama/llama-4-maverick-17b-128e-instruct,WITH,0.0,0.0
q_994,meta-llama/llama-4-maverick-17b-128e-instruct,WITH,100.00000000000004,100.0
q_995,meta-llama/llama-4-maverick-17b-128e-instruct,WITH,100.00000000000004,100.0
q_996,meta-llama/llama-4-maverick-17b-128e-instruct,WITH,100.00000000000004,100.0
q_997,meta-llama/llama-4-maverick-17b-128e-instruct,WITH,49.99999999999999,100.0
q_998,meta-llama/llama-4-maverick-17b-128e-instruct,WITH,10.682175159905853,33.333333333333336
q_999,meta-llama/llama-4-maverick-17b-128e-instruct,WITH,60.653065971263366,80.0
q_0,llama-3.1-8b-instant,NO,60.653065971263366,80.0
q_1,llama-3.1-8b-instant,NO,0.0,0.0
q_10,llama-3.1-8b-instant,NO,0.0,0.0
q_100,llama-3.1-8b-instant,NO,0.0,0.0
q_101,llama-3.1-8b-instant,NO,49.99999999999999,66.66666666666666
q_102,llama-3.1-8b-instant,NO,0.0,0.0
q_103,llama-3.1-8b-instant,NO,0.0,0.0
q_104,llama-3.1-8b-instant,NO,59.460355750136046,100.0
q_105,llama-3.1-8b-instant,NO,0.0,0.0
q_106,llama-3.1-8b-instant,NO,0.0,0.0
q_107,llama-3.1-8b-instant,NO,100.00000000000004,100.0
q_108,llama-3.1-8b-instant,NO,0.0,0.0
q_109,llama-3.1-8b-instant,NO,0.0,0.0
q_11,llama-3.1-8b-instant,NO,0.0,6.0606060606060606
q_110,llama-3.1-8b-instant,NO,0.0,0.0
q_111,llama-3.1-8b-instant,NO,0.0,0.0
q_112,llama-3.1-8b-instant,NO,0.0,0.0
q_113,gemma2-9b-it,NO,0.0,0.0
q_114,gemma2-9b-it,NO,16.233395773754946,36.36363636363636
q_115,gemma2-9b-it,NO,0.0,0.0
q_116,gemma2-9b-it,NO,0.0,0.0
q_117,gemma2-9b-it,NO,10.682175159905853,28.571428571428577
q_118,gemma2-9b-it,NO,0.0,100.0
q_119,gemma2-9b-it,NO,0.0,0.0
q_12,gemma2-9b-it,NO,0.0,0.0
q_120,gemma2-9b-it,NO,0.0,0.0
q_121,gemma2-9b-it,NO,0.0,50.0
q_122,gemma2-9b-it,NO,0.0,0.0
q_123,gemma2-9b-it,NO,0.0,0.0
q_124,gemma2-9b-it,NO,0.0,0.0
q_125,gemma2-9b-it,NO,0.0,0.0
q_126,gemma2-9b-it,NO,0.0,0.0
q_127,gemma2-9b-it,NO,0.0,0.0
q_128,gemma2-9b-it,NO,0.0,100.0
q_129,gemma2-9b-it,NO,0.0,0.0
q_13,gemma2-9b-it,NO,0.0,0.0
q_130,gemma2-9b-it,NO,0.0,0.0
q_131,gemma2-9b-it,NO,0.0,0.0
q_132,gemma2-9b-it,NO,0.0,0.0
q_133,gemma2-9b-it,NO,0.0,0.0
q_134,gemma2-9b-it,NO,0.0,0.0
q_135,gemma2-9b-it,NO,0.0,0.0
q_136,gemma2-9b-it,NO,0.0,0.0
q_137,gemma2-9b-it,NO,0.0,0.0
q_138,gemma2-9b-it,NO,100.00000000000004,100.0
q_139,gemma2-9b-it,NO,10.682175159905853,20.000000000000004
q_14,gemma2-9b-it,NO,30.213753973567677,60.0
q_140,gemma2-9b-it,NO,0.0,0.0
q_141,gemma2-9b-it,NO,0.0,0.0
q_142,gemma2-9b-it,NO,0.0,0.0
q_143,gemma2-9b-it,NO,0.0,0.0
q_144,gemma2-9b-it,NO,0.0,0.0
q_145,gemma2-9b-it,NO,49.99999999999999,50.0
q_146,gemma2-9b-it,NO,0.0,0.0
q_147,gemma2-9b-it,NO,0.0,0.0
q_148,gemma2-9b-it,NO,0.0,0.0
q_149,gemma2-9b-it,NO,0.0,0.0
q_15,gemma2-9b-it,NO,0.0,0.0
q_150,gemma2-9b-it,NO,0.0,0.0
q_151,gemma2-9b-it,NO,0.0,0.0
q_152,gemma2-9b-it,NO,100.00000000000004,100.0
q_153,gemma2-9b-it,NO,100.00000000000004,100.0
q_154,gemma2-9b-it,NO,0.0,0.0
q_155,gemma2-9b-it,NO,0.0,14.285714285714288
q_156,gemma2-9b-it,NO,0.0,0.0
q_157,gemma2-9b-it,NO,0.0,0.0
q_158,gemma2-9b-it,NO,0.0,0.0
q_159,gemma2-9b-it,NO,0.0,0.0
q_16,gemma2-9b-it,NO,0.0,0.0
q_160,gemma2-9b-it,NO,0.0,0.0
q_161,gemma2-9b-it,NO,0.0,0.0
q_162,gemma2-9b-it,NO,100.00000000000004,100.0
q_163,gemma2-9b-it,NO,0.0,0.0
q_164,gemma2-9b-it,NO,0.0,0.0
q_165,gemma2-9b-it,NO,0.0,0.0
q_166,gemma2-9b-it,NO,0.0,0.0
q_167,gemma2-9b-it,NO,0.0,0.0
q_168,gemma2-9b-it,NO,0.0,0.0
q_169,gemma2-9b-it,NO,36.78794411714425,66.66666666666666
q_17,gemma2-9b-it,NO,71.65313105737896,85.71428571428571
q_170,gemma2-9b-it,NO,0.0,0.0
q_171,gemma2-9b-it,NO,0.0,0.0
q_172,gemma2-9b-it,NO,49.99999999999999,50.0
q_173,gemma2-9b-it,NO,0.0,50.0
q_174,gemma2-9b-it,NO,0.0,0.0
q_175,gemma2-9b-it,NO,27.516060407455225,33.33333333333333
q_176,gemma2-9b-it,NO,0.0,0.0
q_177,gemma2-9b-it,NO,0.0,0.0
q_178,gemma2-9b-it,NO,0.0,0.0
q_179,gemma2-9b-it,NO,0.0,0.0
q_18,gemma2-9b-it,NO,0.0,0.0
q_180,gemma2-9b-it,NO,27.48254571080018,61.53846153846153
q_181,gemma2-9b-it,NO,0.0,0.0
q_182,gemma2-9b-it,NO,0.0,0.0
q_183,gemma2-9b-it,NO,0.0,0.0
q_184,gemma2-9b-it,NO,0.0,50.0
q_185,gemma2-9b-it,NO,66.87403049764218,80.00000000000001
q_186,gemma2-9b-it,NO,0.0,50.0
q_187,gemma2-9b-it,NO,100.00000000000004,100.0
q_188,gemma2-9b-it,NO,0.0,0.0
q_189,gemma2-9b-it,NO,0.0,0.0
q_19,gemma2-9b-it,NO,0.0,0.0
q_190,gemma2-9b-it,NO,0.0,0.0
q_191,gemma2-9b-it,NO,100.00000000000004,100.0
q_192,gemma2-9b-it,NO,13.533528323661276,50.0
q_193,gemma2-9b-it,NO,0.0,0.0
q_194,gemma2-9b-it,NO,0.0,0.0
q_195,gemma2-9b-it,NO,0.0,0.0
q_196,gemma2-9b-it,NO,0.0,0.0
q_197,gemma2-9b-it,NO,0.0,0.0
q_198,gemma2-9b-it,NO,0.0,0.0
q_199,gemma2-9b-it,NO,0.0,0.0
q_2,gemma2-9b-it,NO,10.552670315936318,50.0
q_20,gemma2-9b-it,NO,0.0,0.0
q_200,gemma2-9b-it,NO,0.0,0.0
q_201,gemma2-9b-it,NO,0.0,0.0
q_202,gemma2-9b-it,NO,9.688464563433238,20.0
q_203,gemma2-9b-it,NO,100.00000000000004,100.0
q_204,gemma2-9b-it,NO,0.0,0.0
q_205,gemma2-9b-it,NO,0.0,0.0
q_206,gemma2-9b-it,NO,0.0,0.0
q_207,gemma2-9b-it,NO,0.0,0.0
q_208,gemma2-9b-it,NO,0.0,0.0
q_209,gemma2-9b-it,NO,0.0,0.0
q_21,gemma2-9b-it,NO,0.0,0.0
q_210,gemma2-9b-it,NO,0.0,0.0
q_211,gemma2-9b-it,NO,0.0,0.0
q_212,gemma2-9b-it,NO,0.0,0.0
q_213,gemma2-9b-it,NO,0.0,0.0
q_214,gemma2-9b-it,NO,0.0,0.0
q_215,gemma2-9b-it,NO,0.0,0.0
q_216,gemma2-9b-it,NO,0.0,0.0
q_217,gemma2-9b-it,NO,0.0,0.0
q_218,gemma2-9b-it,NO,0.0,0.0
q_219,gemma2-9b-it,NO,100.00000000000004,100.0
q_22,gemma2-9b-it,NO,8.745825313180632,18.18181818181818
q_220,gemma2-9b-it,NO,0.0,0.0
q_221,gemma2-9b-it,NO,0.0,0.0
q_222,gemma2-9b-it,NO,55.03212081491043,80.0
q_223,gemma2-9b-it,NO,0.0,0.0
q_224,gemma2-9b-it,NO,36.78794411714425,66.66666666666666
q_225,gemma2-9b-it,NO,0.0,0.0
q_226,gemma2-9b-it,NO,100.00000000000004,100.0
q_227,gemma2-9b-it,NO,32.34325178227722,74.99999999999999
q_228,gemma2-9b-it,NO,0.0,0.0
q_229,gemma2-9b-it,NO,0.0,0.0
q_23,gemma2-9b-it,NO,0.0,0.0
q_230,gemma2-9b-it,NO,0.0,0.0
q_231,gemma2-9b-it,NO,0.0,0.0
q_232,gemma2-9b-it,NO,0.0,0.0
q_233,gemma2-9b-it,NO,39.43223765116288,57.14285714285715
q_234,gemma2-9b-it,NO,0.0,0.0
q_235,gemma2-9b-it,NO,100.00000000000004,100.0
q_236,gemma2-9b-it,NO,0.0,0.0
q_237,gemma2-9b-it,NO,0.0,0.0
q_238,gemma2-9b-it,NO,0.0,0.0
q_239,gemma2-9b-it,NO,0.0,0.0
q_24,gemma2-9b-it,NO,0.0,0.0
q_240,gemma2-9b-it,NO,0.0,0.0
q_241,gemma2-9b-it,NO,100.00000000000004,100.0
q_242,gemma2-9b-it,NO,49.99999999999999,66.66666666666666
q_243,gemma2-9b-it,NO,0.0,0.0
q_244,gemma2-9b-it,NO,0.0,0.0
q_245,gemma2-9b-it,NO,0.0,25.0
q_246,gemma2-9b-it,NO,0.0,28.571428571428577
q_247,gemma2-9b-it,NO,0.0,0.0
q_248,gemma2-9b-it,NO,100.00000000000004,100.0
q_249,gemma2-9b-it,NO,0.0,0.0
q_25,gemma2-9b-it,NO,100.00000000000004,100.0
q_250,gemma2-9b-it,NO,0.0,0.0
q_251,gemma2-9b-it,NO,0.0,0.0
q_252,gemma2-9b-it,NO,0.0,0.0
q_253,gemma2-9b-it,NO,100.00000000000004,100.0
q_254,gemma2-9b-it,NO,0.0,0.0
q_255,gemma2-9b-it,NO,0.0,0.0
q_256,gemma2-9b-it,NO,0.0,0.0
q_257,gemma2-9b-it,NO,0.0,0.0
q_258,gemma2-9b-it,NO,0.0,0.0
q_259,gemma2-9b-it,NO,100.00000000000004,100.0
q_26,gemma2-9b-it,NO,19.716118825581447,28.571428571428577
q_260,gemma2-9b-it,NO,0.0,0.0
q_261,gemma2-9b-it,NO,100.00000000000004,100.0
q_262,gemma2-9b-it,NO,0.0,0.0
q_263,gemma2-9b-it,NO,0.0,0.0
q_264,gemma2-9b-it,NO,0.0,0.0
q_265,gemma2-9b-it,NO,0.0,0.0
q_266,gemma2-9b-it,NO,0.0,0.0
q_267,gemma2-9b-it,NO,21.3643503198117,57.14285714285715
q_268,gemma2-9b-it,NO,0.0,0.0
q_269,gemma2-9b-it,NO,18.393972058572114,66.66666666666666
q_27,gemma2-9b-it,NO,0.0,0.0
q_270,gemma2-9b-it,NO,55.03212081491043,100.0
q_271,gemma2-9b-it,NO,100.00000000000004,100.0
q_272,gemma2-9b-it,NO,100.00000000000004,100.0
q_273,gemma2-9b-it,NO,36.78794411714425,66.66666666666666
q_274,gemma2-9b-it,NO,0.0,0.0
q_275,gemma2-9b-it,NO,0.0,0.0
q_276,gemma2-9b-it,NO,100.00000000000004,100.0
q_277,gemma2-9b-it,NO,100.00000000000004,100.0
q_278,gemma2-9b-it,NO,100.00000000000004,100.0
q_279,gemma2-9b-it,NO,100.00000000000004,100.0
q_28,gemma2-9b-it,NO,10.682175159905853,20.000000000000004
q_280,gemma2-9b-it,NO,100.00000000000004,100.0
q_281,gemma2-9b-it,NO,0.0,0.0
q_282,gemma2-9b-it,NO,0.0,50.0
q_283,gemma2-9b-it,NO,100.00000000000004,100.0
q_284,gemma2-9b-it,NO,49.99999999999999,66.66666666666666
q_285,gemma2-9b-it,NO,0.0,0.0
q_286,gemma2-9b-it,NO,0.0,50.0
q_287,gemma2-9b-it,NO,100.00000000000004,100.0
q_288,gemma2-9b-it,NO,100.00000000000004,100.0
q_289,gemma2-9b-it,NO,0.0,0.0
q_29,gemma2-9b-it,NO,60.653065971263366,85.71428571428571
q_290,gemma2-9b-it,NO,0.0,100.0
q_291,gemma2-9b-it,NO,0.0,0.0
q_292,gemma2-9b-it,NO,100.00000000000004,100.0
q_293,gemma2-9b-it,NO,0.0,0.0
q_294,gemma2-9b-it,NO,0.0,0.0
q_295,gemma2-9b-it,NO,0.0,0.0
q_296,gemma2-9b-it,NO,0.0,0.0
q_297,gemma2-9b-it,NO,100.00000000000004,100.0
q_298,gemma2-9b-it,NO,100.00000000000004,100.0
q_299,gemma2-9b-it,NO,0.0,100.0
q_3,gemma2-9b-it,NO,0.0,14.285714285714285
q_30,gemma2-9b-it,NO,4.9787068367863965,40.0
q_300,gemma2-9b-it,NO,100.00000000000004,100.0
q_302,gemma2-9b-it,NO,100.00000000000004,100.0
q_303,gemma2-9b-it,NO,0.0,0.0
q_304,gemma2-9b-it,NO,0.0,0.0
q_305,gemma2-9b-it,NO,100.00000000000004,100.0
q_306,gemma2-9b-it,NO,0.0,14.285714285714288
q_307,gemma2-9b-it,NO,2.2869567780619007,16.666666666666664
q_308,gemma2-9b-it,NO,0.0,0.0
q_309,gemma2-9b-it,NO,0.0,0.0
q_31,gemma2-9b-it,NO,0.0,0.0
q_310,gemma2-9b-it,NO,0.0,0.0
q_311,gemma2-9b-it,NO,0.0,0.0
q_312,gemma2-9b-it,NO,0.0,0.0
q_313,gemma2-9b-it,NO,100.00000000000004,100.0
q_314,gemma2-9b-it,NO,0.0,57.14285714285715
q_315,gemma2-9b-it,NO,0.0,100.0
q_316,gemma2-9b-it,NO,0.0,0.0
q_317,gemma2-9b-it,NO,0.0,0.0
q_318,gemma2-9b-it,NO,0.0,40.0
q_319,gemma2-9b-it,NO,49.99999999999999,66.66666666666666
q_32,gemma2-9b-it,NO,27.516060407455225,40.0
q_320,gemma2-9b-it,NO,0.0,0.0
q_321,gemma2-9b-it,NO,0.0,0.0
q_322,gemma2-9b-it,NO,27.516060407455225,50.0
q_323,gemma2-9b-it,NO,49.99999999999999,66.66666666666666
q_324,gemma2-9b-it,NO,60.653065971263366,100.0
q_325,gemma2-9b-it,NO,0.0,0.0
q_326,gemma2-9b-it,NO,0.0,0.0
q_327,gemma2-9b-it,NO,0.0,0.0
q_328,gemma2-9b-it,NO,0.0,0.0
q_329,gemma2-9b-it,NO,0.0,0.0
q_33,gemma2-9b-it,NO,100.00000000000004,100.0
q_330,gemma2-9b-it,NO,0.673794699908547,28.57142857142857
q_331,gemma2-9b-it,NO,30.326532985631665,40.0
q_332,gemma2-9b-it,NO,0.0,0.0
q_333,gemma2-9b-it,NO,0.0,0.0
q_334,gemma2-9b-it,NO,0.0,0.0
q_335,gemma2-9b-it,NO,0.0,0.0
q_336,gemma2-9b-it,NO,0.0,0.0
q_337,gemma2-9b-it,NO,0.0,0.0
q_338,gemma2-9b-it,NO,0.0,0.0
q_339,gemma2-9b-it,NO,49.99999999999999,50.0
q_34,gemma2-9b-it,NO,0.0,0.0
q_340,gemma2-9b-it,NO,0.0,0.0
q_341,gemma2-9b-it,NO,100.00000000000004,100.0
q_342,gemma2-9b-it,NO,0.0,0.0
q_343,gemma2-9b-it,NO,49.99999999999999,50.0
q_344,gemma2-9b-it,NO,0.0,0.0
q_345,gemma2-9b-it,NO,0.0,0.0
q_346,gemma2-9b-it,NO,0.0,33.33333333333333
q_347,gemma2-9b-it,NO,0.0,0.0
q_348,gemma2-9b-it,NO,0.0,0.0
q_349,gemma2-9b-it,NO,0.0,0.0
q_35,gemma2-9b-it,NO,22.31301601484299,66.66666666666666
q_350,gemma2-9b-it,NO,0.0,0.0
q_351,gemma2-9b-it,NO,51.341711903259224,100.0
q_352,gemma2-9b-it,NO,0.0,0.0
q_353,gemma2-9b-it,NO,0.0,0.0
q_354,gemma2-9b-it,NO,0.0,0.0
q_355,gemma2-9b-it,NO,0.0,0.0
q_356,gemma2-9b-it,NO,0.0,0.0
q_357,gemma2-9b-it,NO,0.0,0.0
q_358,gemma2-9b-it,NO,0.0,0.0
q_359,gemma2-9b-it,NO,0.0,0.0
q_36,gemma2-9b-it,NO,100.00000000000004,100.0
q_360,gemma2-9b-it,NO,100.00000000000004,100.0
q_361,gemma2-9b-it,NO,100.00000000000004,100.0
q_362,gemma2-9b-it,NO,0.0,0.0
q_363,gemma2-9b-it,NO,0.0,0.0
q_364,gemma2-9b-it,NO,0.0,0.0
q_365,gemma2-9b-it,NO,0.0,0.0
q_366,gemma2-9b-it,NO,0.0,0.0
q_367,gemma2-9b-it,NO,0.0,0.0
q_368,gemma2-9b-it,NO,0.0,0.0
q_369,gemma2-9b-it,NO,26.15611844567671,40.00000000000001
q_37,gemma2-9b-it,NO,0.0,0.0
q_370,llama3-8b-8192,NO,100.00000000000004,100.0
q_371,llama3-8b-8192,NO,0.0,0.0
q_372,llama3-8b-8192,NO,0.0,0.0
q_373,llama3-8b-8192,NO,0.0,0.0
q_374,llama3-8b-8192,NO,0.0,0.0
q_375,llama3-8b-8192,NO,0.0,0.0
q_376,llama3-8b-8192,NO,0.0,0.0
q_377,llama3-8b-8192,NO,100.00000000000004,100.0
q_378,llama3-8b-8192,NO,0.0,0.0
q_379,llama3-8b-8192,NO,60.653065971263366,100.0
q_38,llama3-8b-8192,NO,100.00000000000004,100.0
q_380,llama3-8b-8192,NO,0.0,0.0
q_381,llama3-8b-8192,NO,100.00000000000004,100.0
q_382,llama3-8b-8192,NO,0.0,0.0
q_383,llama3-8b-8192,NO,0.0,0.0
q_384,llama3-8b-8192,NO,100.00000000000004,100.0
q_385,llama3-8b-8192,NO,14.535768424205482,22.222222222222225
q_386,llama3-8b-8192,NO,15.97357760615681,28.571428571428577
q_387,llama3-8b-8192,NO,100.00000000000004,100.0
q_388,llama3-8b-8192,NO,0.0,0.0
q_389,llama3-8b-8192,NO,100.00000000000004,100.0
q_39,llama3-8b-8192,NO,0.0,0.0
q_390,llama3-8b-8192,NO,0.0,0.0
q_391,llama3-8b-8192,NO,0.0,0.0
q_392,llama3-8b-8192,NO,0.0,0.0
q_393,llama3-8b-8192,NO,0.0,66.66666666666666
q_394,llama3-8b-8192,NO,100.00000000000004,100.0
q_395,llama3-8b-8192,NO,100.00000000000004,100.0
q_396,llama3-8b-8192,NO,100.00000000000004,100.0
q_397,llama3-8b-8192,NO,0.0,0.0
q_398,llama3-8b-8192,NO,0.0,50.0
q_399,llama3-8b-8192,NO,0.0,0.0
q_4,llama3-8b-8192,NO,0.0,22.222222222222225
q_40,llama3-8b-8192,NO,0.0,0.0
q_400,llama3-8b-8192,NO,100.00000000000004,100.0
q_401,llama3-8b-8192,NO,0.0,0.0
q_402,llama3-8b-8192,NO,100.00000000000004,100.0
q_403,llama3-8b-8192,NO,0.0,0.0
q_404,llama3-8b-8192,NO,0.0,100.0
q_405,llama3-8b-8192,NO,100.00000000000004,100.0
q_406,llama3-8b-8192,NO,0.0,0.0
q_407,llama3-8b-8192,NO,0.0,0.0
q_408,llama3-8b-8192,NO,0.0,0.0
q_409,llama3-8b-8192,NO,0.0,0.0
q_41,llama3-8b-8192,NO,11.752701606523267,33.33333333333333
q_410,llama3-8b-8192,NO,100.00000000000004,100.0
q_411,llama3-8b-8192,NO,0.0,0.0
q_412,llama3-8b-8192,NO,0.0,0.0
q_413,llama3-8b-8192,NO,100.00000000000004,100.0
q_414,llama3-8b-8192,NO,100.00000000000004,100.0
q_415,llama3-8b-8192,NO,36.78794411714425,66.66666666666666
q_416,llama3-8b-8192,NO,100.00000000000004,100.0
q_417,llama3-8b-8192,NO,0.0,0.0
q_418,llama3-8b-8192,NO,36.78794411714425,66.66666666666666
q_419,llama3-8b-8192,NO,0.0,0.0
q_42,llama3-8b-8192,NO,0.0,0.0
q_420,llama3-8b-8192,NO,0.0,0.0
q_421,llama3-8b-8192,NO,39.76353643835254,74.99999999999999
q_422,llama3-8b-8192,NO,60.653065971263366,100.0
q_423,llama3-8b-8192,NO,0.0,50.0
q_424,llama3-8b-8192,NO,0.0,0.0
q_425,llama3-8b-8192,NO,0.0,0.0
q_426,llama3-8b-8192,NO,0.0,0.0
q_427,llama3-8b-8192,NO,0.0,0.0
q_428,llama3-8b-8192,NO,0.0,100.0
q_429,llama3-8b-8192,NO,0.0,0.0
q_43,llama3-8b-8192,NO,0.0,0.0
q_430,llama3-8b-8192,NO,0.0,0.0
q_431,llama3-8b-8192,NO,0.0,50.0
q_432,llama3-8b-8192,NO,0.0,100.0
q_433,llama3-8b-8192,NO,0.0,0.0
q_434,llama3-8b-8192,NO,0.0,0.0
q_435,llama3-8b-8192,NO,0.0,0.0
q_436,llama3-8b-8192,NO,0.0,0.0
q_437,llama3-8b-8192,NO,0.0,0.0
q_438,llama3-8b-8192,NO,27.516060407455225,50.0
q_439,llama3-8b-8192,NO,0.0,0.0
q_44,llama3-8b-8192,NO,0.0,0.0
q_440,llama3-8b-8192,NO,0.0,0.0
q_441,llama3-8b-8192,NO,100.00000000000004,100.0
q_442,llama3-8b-8192,NO,0.0,0.0
q_443,llama3-8b-8192,NO,0.0,0.0
q_444,llama3-8b-8192,NO,0.0,0.0
q_445,llama3-8b-8192,NO,0.0,0.0
q_446,llama3-8b-8192,NO,100.00000000000004,100.0
q_447,llama3-8b-8192,NO,0.0,100.0
q_448,llama3-8b-8192,NO,4.9787068367863965,50.0
q_449,llama3-8b-8192,NO,100.00000000000004,100.0
q_45,llama3-8b-8192,NO,0.0,0.0
q_450,llama3-8b-8192,NO,0.0,0.0
q_451,llama3-8b-8192,NO,27.516060407455225,33.33333333333333
q_452,llama3-8b-8192,NO,0.0,0.0
q_453,llama3-8b-8192,NO,0.0,0.0
q_454,llama3-8b-8192,NO,0.0,0.0
q_455,llama3-8b-8192,NO,0.0,0.0
q_456,llama3-8b-8192,NO,4.9787068367863965,50.0
q_457,llama3-8b-8192,NO,0.0,100.0
q_458,llama3-8b-8192,NO,100.00000000000004,100.0
q_459,llama3-8b-8192,NO,9.535414040914189,44.44444444444445
q_46,llama3-8b-8192,NO,36.78794411714425,66.66666666666666
q_460,llama3-8b-8192,NO,0.0,0.0
q_461,llama3-8b-8192,NO,100.00000000000004,100.0
q_462,llama3-8b-8192,NO,0.0,0.0
q_463,llama3-8b-8192,NO,100.00000000000004,100.0
q_464,llama3-8b-8192,NO,0.0,100.0
q_465,llama3-8b-8192,NO,100.00000000000004,100.0
q_466,llama3-8b-8192,NO,0.0,0.0
q_467,llama3-8b-8192,NO,0.0,0.0
q_468,llama3-8b-8192,NO,100.00000000000004,100.0
q_469,llama3-8b-8192,NO,0.0,0.0
q_47,llama3-8b-8192,NO,0.0,0.0
q_470,llama3-8b-8192,NO,100.00000000000004,100.0
q_471,llama3-8b-8192,NO,0.0,0.0
q_472,llama3-8b-8192,NO,0.0,44.44444444444445
q_473,llama3-8b-8192,NO,0.0,0.0
q_474,llama3-8b-8192,NO,0.0,0.0
q_475,llama3-8b-8192,NO,0.0,0.0
q_476,llama3-8b-8192,NO,0.0,0.0
q_477,llama3-8b-8192,NO,0.0,0.0
q_478,llama3-8b-8192,NO,100.00000000000004,100.0
q_479,llama3-8b-8192,NO,0.0,0.0
q_48,llama3-8b-8192,NO,27.516060407455225,0.0
q_480,llama3-8b-8192,NO,0.0,0.0
q_481,llama3-8b-8192,NO,100.00000000000004,100.0
q_482,llama3-8b-8192,NO,0.0,0.0
q_483,llama3-8b-8192,NO,0.0,0.0
q_484,llama3-8b-8192,NO,0.0,0.0
q_485,llama3-8b-8192,NO,0.0,0.0
q_486,llama3-8b-8192,NO,100.00000000000004,100.0
q_487,llama3-8b-8192,NO,100.00000000000004,100.0
q_488,llama3-8b-8192,NO,0.0,0.0
q_489,llama3-8b-8192,NO,0.0,0.0
q_49,llama3-8b-8192,NO,2.6682865255867765,22.22222222222222
q_490,llama3-8b-8192,NO,66.87403049764218,100.0
q_491,llama3-8b-8192,NO,0.0,0.0
q_492,llama3-8b-8192,NO,0.0,0.0
q_493,llama3-8b-8192,NO,0.0,0.0
q_494,llama3-8b-8192,NO,0.0,0.0
q_495,llama3-8b-8192,NO,0.0,0.0
q_496,llama3-8b-8192,NO,0.0,0.0
q_497,llama3-8b-8192,NO,0.0,0.0
q_498,llama3-8b-8192,NO,0.0,0.0
q_499,llama3-8b-8192,NO,100.00000000000004,100.0
q_5,llama3-8b-8192,NO,0.0,0.0
q_50,llama3-8b-8192,NO,0.0,0.0
q_500,llama3-8b-8192,NO,0.0,0.0
q_501,llama3-8b-8192,NO,0.0,0.0
q_502,llama3-8b-8192,NO,0.0,0.0
q_503,llama3-8b-8192,NO,0.0,0.0
q_504,llama3-8b-8192,NO,0.0,0.0
q_506,llama3-8b-8192,NO,0.0,0.0
q_507,llama3-8b-8192,NO,0.0,0.0
q_508,llama3-8b-8192,NO,0.0,0.0
q_509,llama3-8b-8192,NO,0.0,0.0
q_51,llama3-8b-8192,NO,0.0,25.0
q_510,llama3-8b-8192,NO,0.0,0.0
q_511,llama3-8b-8192,NO,0.0,0.0
q_512,llama3-8b-8192,NO,0.0,0.0
q_513,llama3-8b-8192,NO,0.0,0.0
q_514,llama3-8b-8192,NO,0.0,0.0
q_515,llama3-8b-8192,NO,36.78794411714425,57.14285714285715
q_516,llama3-8b-8192,NO,0.0,0.0
q_517,llama3-8b-8192,NO,0.0,0.0
q_518,llama3-8b-8192,NO,0.0,0.0
q_519,llama3-8b-8192,NO,0.0,0.0
q_52,llama3-8b-8192,NO,10.682175159905853,25.0
q_520,llama3-8b-8192,NO,0.0,0.0
q_521,llama3-8b-8192,NO,0.0,0.0
q_522,llama3-8b-8192,NO,0.0,0.0
q_523,llama3-8b-8192,NO,0.0,0.0
q_524,llama3-8b-8192,NO,36.78794411714425,57.14285714285715
q_525,llama3-8b-8192,NO,59.460355750136046,66.66666666666666
q_526,llama3-8b-8192,NO,0.0,0.0
q_527,llama3-8b-8192,NO,60.653065971263366,80.0
q_528,llama3-8b-8192,NO,0.0,0.0
q_529,llama3-8b-8192,NO,59.460355750136046,66.66666666666666
q_53,llama3-8b-8192,NO,0.0,0.0
q_530,llama3-8b-8192,NO,0.0,0.0
q_531,llama3-8b-8192,NO,49.99999999999999,50.0
q_532,llama3-8b-8192,NO,0.0,0.0
q_533,llama3-8b-8192,NO,100.00000000000004,100.0
q_534,llama3-8b-8192,NO,60.653065971263366,80.0
q_535,llama3-8b-8192,NO,14.320952289897704,36.36363636363636
q_536,llama3-8b-8192,NO,0.0,0.0
q_537,llama3-8b-8192,NO,0.0,0.0
q_538,llama3-8b-8192,NO,0.0,0.0
q_539,llama3-8b-8192,NO,0.0,0.0
q_54,llama3-8b-8192,NO,0.0,0.0
q_540,llama3-8b-8192,NO,0.0,0.0
q_541,llama3-8b-8192,NO,0.0,0.0
q_542,llama3-8b-8192,NO,0.0,0.0
q_543,llama3-8b-8192,NO,0.0,0.0
q_544,llama3-8b-8192,NO,0.0,0.0
q_545,llama3-8b-8192,NO,0.0,0.0
q_546,llama3-8b-8192,NO,0.0,0.0
q_547,llama3-8b-8192,NO,19.716118825581447,28.571428571428577
q_548,llama3-8b-8192,NO,28.254432923044853,50.0
q_549,llama3-8b-8192,NO,0.0,0.0
q_55,llama3-8b-8192,NO,0.0,0.0
q_550,llama3-8b-8192,NO,0.0,0.0
q_551,llama3-8b-8192,NO,0.0,0.0
q_552,llama3-8b-8192,NO,0.0,0.0
q_553,llama3-8b-8192,NO,0.0,0.0
q_554,llama3-8b-8192,NO,0.0,0.0
q_555,llama3-8b-8192,NO,0.0,0.0
q_556,llama3-8b-8192,NO,0.0,0.0
q_557,llama3-8b-8192,NO,0.0,0.0
q_558,llama3-8b-8192,NO,0.0,0.0
q_559,llama3-8b-8192,NO,0.0,0.0
q_56,llama3-8b-8192,NO,0.0,0.0
q_560,llama3-8b-8192,NO,0.0,0.0
q_561,llama3-8b-8192,NO,0.0,0.0
q_562,llama3-8b-8192,NO,0.0,0.0
q_563,llama3-8b-8192,NO,0.0,0.0
q_564,llama3-8b-8192,NO,4.9787068367863965,50.0
q_565,llama3-8b-8192,NO,0.0,0.0
q_566,llama3-8b-8192,NO,0.0,100.0
q_567,llama3-8b-8192,NO,100.00000000000004,100.0
q_568,llama3-8b-8192,NO,0.0,0.0
q_569,llama3-8b-8192,NO,0.0,0.0
q_57,llama3-8b-8192,NO,0.0,0.0
q_570,llama3-8b-8192,NO,0.0,0.0
q_571,llama3-8b-8192,NO,100.00000000000004,100.0
q_572,llama3-8b-8192,NO,77.88007830714052,100.0
q_573,llama3-8b-8192,NO,0.0,0.0
q_574,llama3-8b-8192,NO,0.0,0.0
q_575,llama3-8b-8192,NO,100.00000000000004,100.0
q_576,llama3-8b-8192,NO,100.00000000000004,100.0
q_577,llama3-8b-8192,NO,0.0,0.0
q_578,llama3-8b-8192,NO,0.0,0.0
q_579,llama3-8b-8192,NO,100.00000000000004,100.0
q_58,llama3-8b-8192,NO,0.0,0.0
q_580,llama3-8b-8192,NO,0.0,0.0
q_581,llama3-8b-8192,NO,100.00000000000004,100.0
q_582,llama3-8b-8192,NO,100.00000000000004,100.0
q_583,llama3-8b-8192,NO,100.00000000000004,100.0
q_584,llama3-8b-8192,NO,0.0,0.0
q_585,llama3-8b-8192,NO,0.0,0.0
q_586,llama3-8b-8192,NO,0.0,0.0
q_587,llama3-8b-8192,NO,100.00000000000004,100.0
q_588,llama3-8b-8192,NO,100.00000000000004,100.0
q_589,llama3-8b-8192,NO,0.0,0.0
q_59,llama3-8b-8192,NO,30.326532985631665,40.0
q_590,llama3-8b-8192,NO,100.00000000000004,100.0
q_591,llama3-8b-8192,NO,100.00000000000004,100.0
q_592,llama3-8b-8192,NO,0.0,0.0
q_593,llama3-8b-8192,NO,0.0,0.0
q_594,llama3-8b-8192,NO,0.0,0.0
q_595,llama3-8b-8192,NO,100.00000000000004,100.0
q_596,llama3-8b-8192,NO,0.0,0.0
q_597,llama3-8b-8192,NO,0.0,0.0
q_598,llama3-8b-8192,NO,0.0,0.0
q_599,llama3-8b-8192,NO,0.0,0.0
q_6,llama3-8b-8192,NO,0.0,0.0
q_60,llama3-8b-8192,NO,0.0,0.0
q_600,llama3-8b-8192,NO,0.0,100.0
q_601,llama3-8b-8192,NO,4.9787068367863965,50.0
q_602,llama3-8b-8192,NO,0.0,0.0
q_603,llama3-8b-8192,NO,0.0,0.0
q_604,llama3-8b-8192,NO,0.0,0.0
q_605,llama3-8b-8192,NO,0.0,0.0
q_606,llama3-8b-8192,NO,4.9787068367863965,50.0
q_607,llama3-8b-8192,NO,27.516060407455225,80.0
q_608,llama3-8b-8192,NO,0.0,0.0
q_609,llama3-8b-8192,NO,0.0,0.0
q_61,llama3-8b-8192,NO,0.0,0.0
q_610,llama3-8b-8192,NO,0.0,0.0
q_611,llama3-8b-8192,NO,31.947155212313625,66.66666666666666
q_612,llama3-8b-8192,NO,0.0,0.0
q_613,llama3-8b-8192,NO,0.0,0.0
q_614,llama3-8b-8192,NO,0.0,0.0
q_615,llama3-8b-8192,NO,0.0,0.0
q_616,llama3-8b-8192,NO,0.0,0.0
q_617,llama3-8b-8192,NO,0.0,0.0
q_618,llama3-8b-8192,NO,77.88007830714052,88.8888888888889
q_619,llama3-8b-8192,NO,0.0,0.0
q_62,llama3-8b-8192,NO,0.0,0.0
q_620,llama3-8b-8192,NO,0.0,0.0
q_621,llama3-8b-8192,NO,0.0,0.0
q_622,llama3-8b-8192,NO,0.0,66.66666666666666
q_623,llama3-8b-8192,NO,100.00000000000004,100.0
q_624,llama3-8b-8192,NO,60.653065971263366,80.0
q_625,llama3-8b-8192,NO,0.0,0.0
q_626,llama3-8b-8192,NO,0.0,0.0
q_627,llama3-8b-8192,NO,0.0,0.0
q_628,llama3-8b-8192,NO,0.0,0.0
q_629,llama3-8b-8192,NO,100.00000000000004,100.0
q_63,llama3-8b-8192,NO,0.0,0.0
q_630,llama3-8b-8192,NO,60.653065971263366,80.0
q_631,llama3-8b-8192,NO,100.00000000000004,100.0
q_632,llama3-8b-8192,NO,0.0,0.0
q_633,llama3-8b-8192,NO,0.0,0.0
q_634,llama3-8b-8192,NO,0.0,0.0
q_635,llama3-8b-8192,NO,0.0,0.0
q_636,llama3-8b-8192,NO,55.03212081491043,100.0
q_637,llama3-8b-8192,NO,0.0,0.0
q_638,llama3-8b-8192,NO,0.0,0.0
q_639,llama3-8b-8192,NO,100.00000000000004,100.0
q_64,llama3-8b-8192,NO,9.652434877402245,40.0
q_640,llama3-8b-8192,NO,0.0,0.0
q_641,llama3-8b-8192,NO,100.00000000000004,100.0
q_642,llama3-8b-8192,NO,0.0,0.0
q_643,llama3-8b-8192,NO,0.0,0.0
q_644,llama3-8b-8192,NO,100.00000000000004,100.0
q_645,llama3-8b-8192,NO,0.0,0.0
q_646,llama3-8b-8192,NO,49.99999999999999,66.66666666666666
q_647,llama3-8b-8192,NO,0.0,0.0
q_648,llama3-8b-8192,NO,0.0,0.0
q_649,llama3-8b-8192,NO,0.0,0.0
q_65,llama3-8b-8192,NO,0.0,0.0
q_650,llama3-8b-8192,NO,27.516060407455225,33.33333333333333
q_651,llama3-8b-8192,NO,100.00000000000004,100.0
q_652,llama3-8b-8192,NO,0.0,0.0
q_653,llama3-8b-8192,NO,0.0,0.0
q_654,llama3-8b-8192,NO,0.0,0.0
q_655,llama3-8b-8192,NO,0.0,0.0
q_656,llama3-8b-8192,NO,0.0,0.0
q_657,llama3-8b-8192,NO,0.0,0.0
q_658,llama3-8b-8192,NO,0.0,0.0
q_659,llama3-8b-8192,NO,0.0,22.22222222222222
q_66,llama3-8b-8192,NO,0.0,0.0
q_660,llama3-8b-8192,NO,0.0,0.0
q_661,llama3-8b-8192,NO,0.0,0.0
q_662,llama3-8b-8192,NO,0.0,0.0
q_663,llama3-8b-8192,NO,0.0,0.0
q_664,llama3-8b-8192,NO,0.0,0.0
q_665,llama3-8b-8192,NO,0.0,0.0
q_666,llama3-8b-8192,NO,0.0,0.0
q_667,llama3-8b-8192,NO,0.0,0.0
q_668,llama3-8b-8192,NO,0.0,0.0
q_669,llama3-8b-8192,NO,13.134549472120788,60.0
q_67,llama3-8b-8192,NO,0.0,0.0
q_670,llama3-8b-8192,NO,0.0,0.0
q_671,llama3-8b-8192,NO,0.0,0.0
q_672,llama3-8b-8192,NO,27.516060407455225,50.0
q_673,llama3-8b-8192,NO,7.809849842300641,40.0
q_674,llama3-8b-8192,NO,100.00000000000004,100.0
q_675,llama3-8b-8192,NO,0.0,0.0
q_676,llama3-8b-8192,NO,0.0,0.0
q_677,llama3-8b-8192,NO,27.516060407455225,50.0
q_678,llama3-8b-8192,NO,100.00000000000004,100.0
q_679,llama3-8b-8192,NO,0.0,0.0
q_68,llama3-8b-8192,NO,0.0,0.0
q_680,llama3-8b-8192,NO,0.0,0.0
q_681,llama3-8b-8192,NO,0.0,0.0
q_682,llama3-8b-8192,NO,0.0,0.0
q_683,llama3-8b-8192,NO,0.0,0.0
q_684,llama3-8b-8192,NO,0.0,0.0
q_685,llama3-8b-8192,NO,0.0,0.0
q_686,llama3-8b-8192,NO,0.0,0.0
q_687,llama3-8b-8192,NO,0.0,0.0
q_688,llama3-8b-8192,NO,0.0,0.0
q_689,llama3-8b-8192,NO,0.0,0.0
q_69,llama3-8b-8192,NO,31.947155212313625,66.66666666666666
q_690,llama3-8b-8192,NO,0.0,0.0
q_691,llama3-8b-8192,NO,0.0,0.0
q_692,llama3-8b-8192,NO,0.0,0.0
q_693,llama3-8b-8192,NO,0.0,0.0
q_694,llama3-8b-8192,NO,0.0,0.0
q_695,llama3-8b-8192,NO,4.990049701936832,36.36363636363637
q_696,llama3-8b-8192,NO,100.00000000000004,100.0
q_697,llama3-8b-8192,NO,0.0,0.0
q_698,llama3-8b-8192,NO,0.0,0.0
q_699,llama3-8b-8192,NO,39.76353643835254,80.0
q_7,llama3-8b-8192,NO,100.00000000000004,100.0
q_70,llama3-8b-8192,NO,15.97357760615681,28.571428571428577
q_700,llama3-8b-8192,NO,100.00000000000004,100.0
q_701,llama3-8b-8192,NO,0.0,0.0
q_702,llama3-8b-8192,NO,0.0,0.0
q_703,llama3-8b-8192,NO,39.76353643835254,80.0
q_704,llama3-8b-8192,NO,0.0,0.0
q_705,llama3-8b-8192,NO,0.0,0.0
q_706,llama3-8b-8192,NO,0.0,0.0
q_707,llama3-8b-8192,NO,0.0,0.0
q_708,llama3-8b-8192,NO,0.0,0.0
q_709,llama3-8b-8192,NO,0.0,0.0
q_71,llama3-8b-8192,NO,0.0,0.0
q_710,llama3-8b-8192,NO,0.0,0.0
q_711,llama3-8b-8192,NO,0.0,0.0
q_712,llama3-8b-8192,NO,0.0,0.0
q_713,llama3-8b-8192,NO,0.0,0.0
q_714,llama3-8b-8192,NO,0.0,50.0
q_715,llama3-8b-8192,NO,27.516060407455225,66.66666666666666
q_716,llama3-8b-8192,NO,0.0,0.0
q_717,llama3-8b-8192,NO,3.136388772461349,46.15384615384615
q_718,llama3-8b-8192,NO,0.0,0.0
q_719,llama3-8b-8192,NO,24.880469496253564,40.00000000000001
q_72,llama3-8b-8192,NO,49.99999999999999,100.0
q_720,llama3-8b-8192,NO,0.0,0.0
q_721,llama3-8b-8192,NO,0.0,0.0
q_722,llama3-8b-8192,NO,36.78794411714425,66.66666666666666
q_723,llama3-8b-8192,NO,0.0,0.0
q_724,llama3-8b-8192,NO,0.0,14.285714285714288
q_725,llama3-8b-8192,NO,0.0,0.0
q_726,llama3-8b-8192,NO,0.0,0.0
q_727,llama3-8b-8192,NO,0.0,0.0
q_728,llama3-8b-8192,NO,0.0,0.0
q_729,llama3-8b-8192,NO,0.0,0.0
q_73,llama3-8b-8192,NO,0.0,50.0
q_730,llama3-8b-8192,NO,0.0,0.0
q_731,llama3-8b-8192,NO,0.0,0.0
q_732,llama3-8b-8192,NO,0.0,0.0
q_733,llama3-8b-8192,NO,0.0,0.0
q_734,llama3-8b-8192,NO,0.0,0.0
q_735,llama3-8b-8192,NO,0.0,0.0
q_736,llama3-8b-8192,NO,0.0,0.0
q_737,llama3-8b-8192,NO,0.0,0.0
q_738,llama3-8b-8192,NO,0.0,0.0
q_739,llama3-8b-8192,NO,0.0,0.0
q_74,llama3-8b-8192,NO,49.99999999999999,0.0
q_740,llama3-8b-8192,NO,0.0,0.0
q_741,llama3-8b-8192,NO,0.0,0.0
q_742,llama3-8b-8192,NO,0.0,0.0
q_743,llama3-8b-8192,NO,0.0,0.0
q_744,llama3-8b-8192,NO,0.0,0.0
q_745,llama3-8b-8192,NO,0.0,0.0
q_746,llama3-8b-8192,NO,0.0,0.0
q_747,llama3-8b-8192,NO,100.00000000000004,100.0
q_748,llama3-8b-8192,NO,0.0,0.0
q_749,llama3-8b-8192,NO,0.0,0.0
q_75,llama3-8b-8192,NO,0.0,0.0
q_750,llama3-8b-8192,NO,0.0,0.0
q_751,llama3-8b-8192,NO,0.0,22.22222222222222
q_753,llama3-8b-8192,NO,0.0,0.0
q_754,llama3-8b-8192,NO,0.0,0.0
q_755,llama3-8b-8192,NO,36.78794411714425,66.66666666666666
q_756,llama3-8b-8192,NO,0.0,0.0
q_757,llama3-8b-8192,NO,0.0,0.0
q_758,llama3-8b-8192,NO,0.0,0.0
q_759,llama3-8b-8192,NO,0.0,0.0
q_76,llama3-8b-8192,NO,0.0,0.0
q_760,llama3-8b-8192,NO,27.516060407455225,33.33333333333333
q_761,llama3-8b-8192,NO,5.669791110976001,12.5
q_762,llama3-8b-8192,NO,0.0,0.0
q_763,llama3-8b-8192,NO,0.0,0.0
q_764,llama3-8b-8192,NO,0.0,0.0
q_765,llama3-8b-8192,NO,0.0,0.0
q_766,llama3-8b-8192,NO,0.0,0.0
q_767,llama3-8b-8192,NO,0.0,0.0
q_768,llama3-8b-8192,NO,100.00000000000004,100.0
q_769,llama3-8b-8192,NO,27.516060407455225,33.33333333333333
q_77,llama3-8b-8192,NO,0.0,0.0
q_770,llama3-8b-8192,NO,0.0,0.0
q_771,llama3-8b-8192,NO,5.522397783539471,20.0
q_772,llama3-8b-8192,NO,0.0,0.0
q_773,llama3-8b-8192,NO,0.0,0.0
q_774,llama3-8b-8192,NO,0.0,0.0
q_775,llama3-8b-8192,NO,0.0,0.0
q_776,llama3-8b-8192,NO,0.0,0.0
q_777,llama3-8b-8192,NO,0.0,0.0
q_778,llama3-8b-8192,NO,0.0,0.0
q_779,llama3-8b-8192,NO,100.00000000000004,100.0
q_78,llama3-8b-8192,NO,49.99999999999999,0.0
q_780,llama3-8b-8192,NO,0.0,0.0
q_781,llama3-8b-8192,NO,100.00000000000004,100.0
q_782,llama3-8b-8192,NO,0.0,0.0
q_783,llama3-8b-8192,NO,0.0,0.0
q_784,llama3-8b-8192,NO,0.0,25.0
q_785,llama3-8b-8192,NO,60.653065971263366,100.0
q_786,llama3-8b-8192,NO,100.00000000000004,100.0
q_787,llama3-8b-8192,NO,100.00000000000004,100.0
q_788,llama3-8b-8192,NO,0.0,0.0
q_789,llama3-8b-8192,NO,0.0,0.0
q_79,llama3-8b-8192,NO,0.0,0.0
q_790,llama3-8b-8192,NO,0.0,0.0
q_791,llama3-8b-8192,NO,0.0,0.0
q_792,llama3-8b-8192,NO,100.00000000000004,100.0
q_793,llama3-8b-8192,NO,0.0,0.0
q_794,llama3-8b-8192,NO,0.0,0.0
q_795,llama3-8b-8192,NO,0.0,0.0
q_796,llama3-8b-8192,NO,0.0,0.0
q_797,llama3-8b-8192,NO,0.0,0.0
q_798,llama3-8b-8192,NO,0.0,0.0
q_799,llama3-8b-8192,NO,0.0,0.0
q_8,llama3-8b-8192,NO,0.0,100.0
q_80,llama3-8b-8192,NO,0.0,0.0
q_800,llama3-8b-8192,NO,0.0,0.0
q_801,llama3-8b-8192,NO,0.0,0.0
q_802,llama3-8b-8192,NO,49.99999999999999,66.66666666666666
q_803,llama3-8b-8192,NO,0.0,0.0
q_804,llama3-8b-8192,NO,0.0,0.0
q_805,llama3-8b-8192,NO,49.99999999999999,66.66666666666666
q_806,llama3-8b-8192,NO,0.0,0.0
q_807,llama3-8b-8192,NO,0.0,0.0
q_808,llama3-8b-8192,NO,0.0,0.0
q_809,llama3-8b-8192,NO,0.0,0.0
q_81,llama3-8b-8192,NO,27.516060407455225,0.0
q_810,llama3-8b-8192,NO,100.00000000000004,100.0
q_811,llama3-8b-8192,NO,7.809849842300641,28.571428571428577
q_812,llama3-8b-8192,NO,36.78794411714425,66.66666666666666
q_813,llama3-8b-8192,NO,0.0,0.0
q_814,llama3-8b-8192,NO,100.00000000000004,100.0
q_815,llama3-8b-8192,NO,0.0,0.0
q_816,llama3-8b-8192,NO,0.0,0.0
q_817,llama3-8b-8192,NO,0.0,0.0
q_818,llama3-8b-8192,NO,100.00000000000004,100.0
q_819,llama3-8b-8192,NO,100.00000000000004,100.0
q_82,llama3-8b-8192,NO,100.00000000000004,100.0
q_820,llama3-8b-8192,NO,0.0,0.0
q_821,llama-3.1-8b-instant,NO,49.99999999999999,50.0
q_822,llama-3.1-8b-instant,NO,0.0,0.0
q_823,llama-3.1-8b-instant,NO,0.0,0.0
q_824,llama-3.1-8b-instant,NO,0.0,0.0
q_825,llama-3.1-8b-instant,NO,0.0,0.0
q_826,llama-3.1-8b-instant,NO,0.0,0.0
q_827,llama-3.1-8b-instant,NO,0.0,0.0
q_828,llama-3.1-8b-instant,NO,0.0,0.0
q_829,llama-3.1-8b-instant,NO,0.0,0.0
q_83,llama-3.1-8b-instant,NO,100.00000000000004,100.0
q_830,llama-3.1-8b-instant,NO,0.0,0.0
q_831,llama-3.1-8b-instant,NO,0.0,0.0
q_832,llama-3.1-8b-instant,NO,17.965205598154213,54.54545454545454
q_833,llama-3.1-8b-instant,NO,0.0,0.0
q_834,llama-3.1-8b-instant,NO,0.0,0.0
q_835,llama-3.1-8b-instant,NO,100.00000000000004,100.0
q_836,llama-3.1-8b-instant,NO,0.0,0.0
q_837,llama-3.1-8b-instant,NO,30.326532985631665,80.0
q_838,llama-3.1-8b-instant,NO,0.0,0.0
q_839,llama-3.1-8b-instant,NO,0.0,0.0
q_84,llama-3.1-8b-instant,NO,19.716118825581447,0.0
q_840,llama-3.1-8b-instant,NO,100.00000000000004,100.0
q_841,llama-3.1-8b-instant,NO,0.0,0.0
q_842,llama-3.1-8b-instant,NO,0.0,0.0
q_843,llama-3.1-8b-instant,NO,0.0,0.0
q_844,llama-3.1-8b-instant,NO,0.0,0.0
q_845,llama-3.1-8b-instant,NO,0.0,0.0
q_846,llama-3.1-8b-instant,NO,0.0,0.0
q_847,llama-3.1-8b-instant,NO,0.0,0.0
q_848,llama-3.1-8b-instant,NO,0.0,0.0
q_849,llama-3.1-8b-instant,NO,0.0,0.0
q_85,llama-3.1-8b-instant,NO,15.97357760615681,28.571428571428577
q_850,llama-3.1-8b-instant,NO,0.0,0.0
q_851,llama-3.1-8b-instant,NO,0.0,0.0
q_852,llama-3.1-8b-instant,NO,0.0,0.0
q_853,llama-3.1-8b-instant,NO,0.0,0.0
q_854,llama-3.1-8b-instant,NO,0.0,0.0
q_855,llama-3.1-8b-instant,NO,0.0,0.0
q_856,llama-3.1-8b-instant,NO,0.0,0.0
q_857,llama-3.1-8b-instant,NO,100.00000000000004,100.0
q_858,llama-3.1-8b-instant,NO,0.0,0.0
q_859,llama-3.1-8b-instant,NO,0.0,0.0
q_86,llama-3.1-8b-instant,NO,0.0,0.0
q_860,llama-3.1-8b-instant,NO,0.0,0.0
q_861,llama-3.1-8b-instant,NO,100.00000000000004,100.0
q_862,llama-3.1-8b-instant,NO,0.0,0.0
q_863,llama-3.1-8b-instant,NO,0.0,0.0
q_864,llama-3.1-8b-instant,NO,0.0,0.0
q_865,llama-3.1-8b-instant,NO,8.116697886877475,28.57142857142857
q_866,llama-3.1-8b-instant,NO,100.00000000000004,100.0
q_867,llama-3.1-8b-instant,NO,0.0,0.0
q_868,llama-3.1-8b-instant,NO,0.0,0.0
q_869,llama-3.1-8b-instant,NO,0.0,0.0
q_87,llama-3.1-8b-instant,NO,55.03212081491043,50.0
q_870,llama-3.1-8b-instant,NO,60.653065971263366,100.0
q_871,llama-3.1-8b-instant,NO,0.0,0.0
q_872,llama-3.1-8b-instant,NO,0.0,0.0
q_873,llama-3.1-8b-instant,NO,0.0,0.0
q_874,llama-3.1-8b-instant,NO,49.99999999999999,50.0
q_875,llama-3.1-8b-instant,NO,0.0,0.0
q_876,gemma2-9b-it,NO,0.0,0.0
q_877,gemma2-9b-it,NO,100.00000000000004,100.0
q_878,gemma2-9b-it,NO,0.0,0.0
q_879,gemma2-9b-it,NO,0.0,0.0
q_88,gemma2-9b-it,NO,0.0,0.0
q_880,gemma2-9b-it,NO,0.0,0.0
q_881,gemma2-9b-it,NO,100.00000000000004,100.0
q_882,gemma2-9b-it,NO,0.0,0.0
q_883,gemma2-9b-it,NO,0.0,0.0
q_884,gemma2-9b-it,NO,0.0,0.0
q_885,gemma2-9b-it,NO,0.0,0.0
q_886,gemma2-9b-it,NO,0.0,0.0
q_887,gemma2-9b-it,NO,0.0,0.0
q_888,gemma2-9b-it,NO,0.0,0.0
q_889,gemma2-9b-it,NO,0.0,0.0
q_89,gemma2-9b-it,NO,0.0,0.0
q_890,gemma2-9b-it,NO,0.0,0.0
q_891,gemma2-9b-it,NO,0.0,0.0
q_892,gemma2-9b-it,NO,0.0,0.0
q_893,gemma2-9b-it,NO,0.0,0.0
q_894,gemma2-9b-it,NO,0.0,0.0
q_895,gemma2-9b-it,NO,0.0,0.0
q_896,gemma2-9b-it,NO,58.73949094699213,92.3076923076923
q_897,gemma2-9b-it,NO,0.0,0.0
q_898,gemma2-9b-it,NO,0.0,0.0
q_899,gemma2-9b-it,NO,0.0,0.0
q_9,gemma2-9b-it,NO,0.0,0.0
q_90,gemma2-9b-it,NO,0.0,0.0
q_900,gemma2-9b-it,NO,100.00000000000004,100.0
q_901,gemma2-9b-it,NO,0.0,0.0
q_902,gemma2-9b-it,NO,0.0,0.0
q_903,gemma2-9b-it,NO,0.0,0.0
q_904,gemma2-9b-it,NO,0.0,0.0
q_905,gemma2-9b-it,NO,0.0,0.0
q_906,gemma2-9b-it,NO,0.0,0.0
q_907,gemma2-9b-it,NO,0.0,0.0
q_908,gemma2-9b-it,NO,0.0,0.0
q_909,gemma2-9b-it,NO,0.0,0.0
q_91,gemma2-9b-it,NO,0.0,0.0
q_910,gemma2-9b-it,NO,0.0,0.0
q_911,gemma2-9b-it,NO,100.00000000000004,100.0
q_912,gemma2-9b-it,NO,100.00000000000004,100.0
q_913,gemma2-9b-it,NO,0.0,0.0
q_914,gemma2-9b-it,NO,4.995138898472386,13.333333333333334
q_915,gemma2-9b-it,NO,0.0,0.0
q_916,gemma2-9b-it,NO,0.0,0.0
q_917,meta-llama/llama-4-maverick-17b-128e-instruct,NO,0.0,0.0
q_918,meta-llama/llama-4-maverick-17b-128e-instruct,NO,0.0,0.0
q_919,meta-llama/llama-4-maverick-17b-128e-instruct,NO,0.0,0.0
q_92,meta-llama/llama-4-maverick-17b-128e-instruct,NO,0.0,0.0
q_920,meta-llama/llama-4-maverick-17b-128e-instruct,NO,100.00000000000004,100.0
q_921,meta-llama/llama-4-maverick-17b-128e-instruct,NO,55.03212081491043,80.0
q_922,meta-llama/llama-4-maverick-17b-128e-instruct,NO,0.0,0.0
q_923,meta-llama/llama-4-maverick-17b-128e-instruct,NO,0.0,0.0
q_924,meta-llama/llama-4-maverick-17b-128e-instruct,NO,100.00000000000004,100.0
q_925,meta-llama/llama-4-maverick-17b-128e-instruct,NO,0.0,0.0
q_926,meta-llama/llama-4-maverick-17b-128e-instruct,NO,100.00000000000004,100.0
q_927,meta-llama/llama-4-maverick-17b-128e-instruct,NO,0.0,0.0
q_928,meta-llama/llama-4-maverick-17b-128e-instruct,NO,0.0,0.0
q_929,meta-llama/llama-4-maverick-17b-128e-instruct,NO,100.00000000000004,100.0
q_93,meta-llama/llama-4-maverick-17b-128e-instruct,NO,0.0,40.0
q_930,meta-llama/llama-4-maverick-17b-128e-instruct,NO,0.0,0.0
q_931,meta-llama/llama-4-maverick-17b-128e-instruct,NO,0.0,0.0
q_932,meta-llama/llama-4-maverick-17b-128e-instruct,NO,0.0,0.0
q_933,meta-llama/llama-4-maverick-17b-128e-instruct,NO,27.516060407455225,50.0
q_934,meta-llama/llama-4-maverick-17b-128e-instruct,NO,36.78794411714425,100.0
q_935,meta-llama/llama-4-maverick-17b-128e-instruct,NO,100.00000000000004,100.0
q_936,meta-llama/llama-4-maverick-17b-128e-instruct,NO,0.0,0.0
q_937,meta-llama/llama-4-maverick-17b-128e-instruct,NO,100.00000000000004,100.0
q_938,meta-llama/llama-4-maverick-17b-128e-instruct,NO,0.0,0.0
q_939,meta-llama/llama-4-maverick-17b-128e-instruct,NO,0.0,0.0
q_94,meta-llama/llama-4-maverick-17b-128e-instruct,NO,0.0,0.0
q_940,meta-llama/llama-4-maverick-17b-128e-instruct,NO,0.0,0.0
q_941,meta-llama/llama-4-maverick-17b-128e-instruct,NO,0.0,0.0
q_942,meta-llama/llama-4-maverick-17b-128e-instruct,NO,0.0,0.0
q_943,meta-llama/llama-4-maverick-17b-128e-instruct,NO,0.0,0.0
q_944,meta-llama/llama-4-maverick-17b-128e-instruct,NO,0.0,0.0
q_945,meta-llama/llama-4-maverick-17b-128e-instruct,NO,0.0,0.0
q_946,meta-llama/llama-4-maverick-17b-128e-instruct,NO,0.0,0.0
q_947,meta-llama/llama-4-maverick-17b-128e-instruct,NO,0.0,0.0
q_948,meta-llama/llama-4-maverick-17b-128e-instruct,NO,1.3353534059549443,6.896551724137932
q_949,meta-llama/llama-4-maverick-17b-128e-instruct,NO,0.0,0.0
q_95,meta-llama/llama-4-maverick-17b-128e-instruct,NO,27.516060407455225,33.33333333333333
q_950,meta-llama/llama-4-maverick-17b-128e-instruct,NO,0.0,40.0
q_951,meta-llama/llama-4-maverick-17b-128e-instruct,NO,0.0,0.0
q_952,meta-llama/llama-4-maverick-17b-128e-instruct,NO,0.0,0.0
q_953,meta-llama/llama-4-maverick-17b-128e-instruct,NO,100.00000000000004,100.0
q_954,meta-llama/llama-4-maverick-17b-128e-instruct,NO,0.0,0.0
q_955,meta-llama/llama-4-maverick-17b-128e-instruct,NO,0.0,0.0
q_956,meta-llama/llama-4-maverick-17b-128e-instruct,NO,0.0,0.0
q_957,meta-llama/llama-4-maverick-17b-128e-instruct,NO,4.9787068367863965,50.0
q_958,meta-llama/llama-4-maverick-17b-128e-instruct,NO,0.0,100.0
q_959,meta-llama/llama-4-maverick-17b-128e-instruct,NO,26.013004751144457,80.0
q_96,meta-llama/llama-4-maverick-17b-128e-instruct,NO,49.99999999999999,50.0
q_960,meta-llama/llama-4-maverick-17b-128e-instruct,NO,55.03212081491043,100.0
q_961,meta-llama/llama-4-maverick-17b-128e-instruct,NO,0.0,0.0
q_962,meta-llama/llama-4-maverick-17b-128e-instruct,NO,36.78794411714425,100.0
q_963,meta-llama/llama-4-maverick-17b-128e-instruct,NO,0.0,0.0
q_964,meta-llama/llama-4-maverick-17b-128e-instruct,NO,0.0,0.0
q_965,meta-llama/llama-4-maverick-17b-128e-instruct,NO,100.00000000000004,100.0
q_966,meta-llama/llama-4-maverick-17b-128e-instruct,NO,0.0,0.0
q_967,meta-llama/llama-4-maverick-17b-128e-instruct,NO,0.0,0.0
q_968,meta-llama/llama-4-maverick-17b-128e-instruct,NO,0.0,0.0
q_969,meta-llama/llama-4-maverick-17b-128e-instruct,NO,1.0211566521809647,11.76470588235294
q_97,meta-llama/llama-4-maverick-17b-128e-instruct,NO,100.00000000000004,100.0
q_970,meta-llama/llama-4-maverick-17b-128e-instruct,NO,9.535414040914189,36.36363636363637
q_971,meta-llama/llama-4-maverick-17b-128e-instruct,NO,8.116697886877475,28.571428571428577
q_972,meta-llama/llama-4-maverick-17b-128e-instruct,NO,0.0,0.0
q_973,meta-llama/llama-4-maverick-17b-128e-instruct,NO,0.0,0.0
q_974,meta-llama/llama-4-maverick-17b-128e-instruct,NO,0.0,0.0
q_975,meta-llama/llama-4-maverick-17b-128e-instruct,NO,0.0,0.0
q_976,meta-llama/llama-4-maverick-17b-128e-instruct,NO,0.0,0.0
q_977,meta-llama/llama-4-maverick-17b-128e-instruct,NO,0.0,0.0
q_978,meta-llama/llama-4-maverick-17b-128e-instruct,NO,0.0,0.0
q_979,meta-llama/llama-4-maverick-17b-128e-instruct,NO,0.0,0.0
q_98,meta-llama/llama-4-maverick-17b-128e-instruct,NO,100.00000000000004,100.0
q_980,meta-llama/llama-4-maverick-17b-128e-instruct,NO,0.0,18.18181818181818
q_981,meta-llama/llama-4-maverick-17b-128e-instruct,NO,15.97357760615681,36.36363636363636
q_982,meta-llama/llama-4-maverick-17b-128e-instruct,NO,0.0,0.0
q_983,meta-llama/llama-4-maverick-17b-128e-instruct,NO,55.03212081491043,57.14285714285715
q_984,meta-llama/llama-4-maverick-17b-128e-instruct,NO,100.00000000000004,100.0
q_985,meta-llama/llama-4-maverick-17b-128e-instruct,NO,0.0,0.0
q_986,meta-llama/llama-4-maverick-17b-128e-instruct,NO,0.0,0.0
q_987,meta-llama/llama-4-maverick-17b-128e-instruct,NO,0.0,50.0
q_988,meta-llama/llama-4-maverick-17b-128e-instruct,NO,100.00000000000004,100.0
q_989,meta-llama/llama-4-maverick-17b-128e-instruct,NO,0.0,0.0
q_99,meta-llama/llama-4-maverick-17b-128e-instruct,NO,10.682175159905853,50.0
q_990,meta-llama/llama-4-maverick-17b-128e-instruct,NO,0.0,0.0
q_991,meta-llama/llama-4-maverick-17b-128e-instruct,NO,0.0,0.0
q_992,meta-llama/llama-4-maverick-17b-128e-instruct,NO,0.0,0.0
q_993,meta-llama/llama-4-maverick-17b-128e-instruct,NO,100.00000000000004,100.0
q_994,meta-llama/llama-4-maverick-17b-128e-instruct,NO,0.0,0.0
q_995,meta-llama/llama-4-maverick-17b-128e-instruct,NO,0.0,0.0
q_996,meta-llama/llama-4-maverick-17b-128e-instruct,NO,100.00000000000004,100.0
q_997,meta-llama/llama-4-maverick-17b-128e-instruct,NO,0.0,50.0
q_998,meta-llama/llama-4-maverick-17b-128e-instruct,NO,0.0,0.0
q_999,meta-llama/llama-4-maverick-17b-128e-instruct,NO,0.0,0.0
